Date,VND=X
01/01/2004,
01/02/2004,15147
01/05/2004,15148
01/06/2004,15150
01/07/2004,15153
01/08/2004,15129
01/09/2004,15176
01/12/2004,15158
1/13/2004,15163
1/14/2004,15162
1/15/2004,15164
1/16/2004,15187
1/19/2004,15143
1/20/2004,15138
1/21/2004,15153
1/22/2004,15172
1/23/2004,15192
1/26/2004,15174
1/27/2004,15170
1/28/2004,15194
1/29/2004,15198
1/30/2004,15165
02/02/2004,15179
02/03/2004,15228
02/04/2004,15228
02/05/2004,15216
02/06/2004,15208
02/09/2004,15304
02/10/2004,15208
02/11/2004,15190
02/12/2004,15195
2/13/2004,15222
2/16/2004,15226
2/17/2004,15243
2/18/2004,15242
2/19/2004,15225
2/20/2004,15231
2/23/2004,15239
2/24/2004,15248
2/25/2004,15269
2/26/2004,15226
2/27/2004,15242
03/01/2004,15257
03/02/2004,15257
03/03/2004,15280
03/04/2004,15287
03/05/2004,15263
03/08/2004,15269
03/09/2004,15247
03/10/2004,15247
03/11/2004,15233
03/12/2004,15265
3/15/2004,15261
3/16/2004,15228
3/17/2004,15216
3/18/2004,15224
3/19/2004,15230
3/22/2004,15225
3/23/2004,15228
3/24/2004,15235
3/25/2004,15213
3/26/2004,15221
3/29/2004,15237
3/30/2004,15226
3/31/2004,15201
04/01/2004,15226
04/02/2004,15226
04/05/2004,15210
04/06/2004,15210
04/07/2004,15193
04/08/2004,15213
04/09/2004,
04/12/2004,
4/13/2004,15202
4/14/2004,15196
4/15/2004,15193
4/16/2004,15183
4/19/2004,15192
4/20/2004,15189
4/21/2004,15179
4/22/2004,15179
4/23/2004,15205
4/26/2004,15196
4/27/2004,15209
4/28/2004,15179
4/29/2004,15189
4/30/2004,15149
05/03/2004,15186
05/04/2004,15198
05/05/2004,15207
05/06/2004,15239
05/07/2004,15207
05/10/2004,15196
05/11/2004,15197
05/12/2004,15203
5/13/2004,15202
5/14/2004,15200
5/17/2004,15231
5/18/2004,15227
5/19/2004,15235
5/20/2004,
5/21/2004,15253
5/24/2004,15227
5/25/2004,15224
5/26/2004,15221
5/27/2004,15231
5/28/2004,15232
5/31/2004,
06/01/2004,15236
06/02/2004,15228
06/03/2004,15216
06/04/2004,15228
06/07/2004,15245
06/08/2004,15288
06/09/2004,15233
06/10/2004,15225
06/11/2004,15196
6/14/2004,15192
6/15/2004,15194
6/16/2004,15195
6/17/2004,15194
6/18/2004,15192
6/21/2004,15212
6/22/2004,15218
6/23/2004,15209
6/24/2004,15207
6/25/2004,15205
6/28/2004,15220
6/29/2004,15208
6/30/2004,15206
07/01/2004,15228
07/02/2004,15213
07/05/2004,15214
07/06/2004,15229
07/07/2004,15220
07/08/2004,15206
07/09/2004,15218
07/12/2004,15211
7/13/2004,15215
7/14/2004,15217
7/15/2004,15254
7/16/2004,15217
7/19/2004,15227
7/20/2004,15244
7/21/2004,15221
7/22/2004,15214
7/23/2004,15212
7/26/2004,15230
7/27/2004,15221
7/28/2004,15167
7/29/2004,15217
7/30/2004,15228
08/02/2004,15230
08/03/2004,15224
08/04/2004,15234
08/05/2004,15256
08/06/2004,15241
08/09/2004,15256
08/10/2004,15245
08/11/2004,15246
08/12/2004,15227
8/13/2004,15225
8/16/2004,15236
8/17/2004,15251
8/18/2004,15241
8/19/2004,15242
8/20/2004,15247
8/23/2004,15256
8/24/2004,15252
8/25/2004,15238
8/26/2004,15250
8/27/2004,15249
8/30/2004,15238
8/31/2004,15226
09/01/2004,15253
09/02/2004,15250
09/03/2004,15253
09/06/2004,15256
09/07/2004,15257
09/08/2004,15241
09/09/2004,15247
09/10/2004,15233
9/13/2004,15256
9/14/2004,15237
9/15/2004,15225
9/16/2004,15226
9/17/2004,15263
9/20/2004,15221
9/21/2004,15243
9/22/2004,15230
9/23/2004,15236
9/24/2004,15240
9/27/2004,15232
9/28/2004,15242
9/29/2004,15221
9/30/2004,15223
10/01/2004,15238
10/04/2004,15262
10/05/2004,15242
10/06/2004,15242
10/07/2004,15245
10/08/2004,15240
10/11/2004,15248
10/12/2004,15243
10/13/2004,15235
10/14/2004,15241
10/15/2004,15250
10/18/2004,15252
10/19/2004,15242
10/20/2004,15251
10/21/2004,15254
10/22/2004,15264
10/25/2004,15275
10/26/2004,15267
10/27/2004,15254
10/28/2004,15750
10/29/2004,15254
11/01/2004,15752
11/02/2004,15740
11/03/2004,15739
11/04/2004,15740
11/05/2004,15742
11/08/2004,15734
11/09/2004,15742
11/10/2004,15740
11/11/2004,15740
11/12/2004,15752
11/15/2004,15269
11/16/2004,15750
11/17/2004,15752
11/18/2004,15765
11/19/2004,15758
11/22/2004,15763
11/23/2004,15775
11/24/2004,15774
11/25/2004,15303
11/26/2004,15777
11/29/2004,15780
11/30/2004,15768
12/01/2004,15765
12/02/2004,15780
12/03/2004,15774
12/06/2004,15777
12/07/2004,15770
12/08/2004,15770
12/09/2004,15764
12/10/2004,15770
12/13/2004,15766
12/14/2004,15760
12/15/2004,15768
12/16/2004,15775
12/17/2004,15766
12/20/2004,15765
12/21/2004,15779
12/22/2004,15770
12/23/2004,15770
12/24/2004,15775
12/27/2004,15775
12/28/2004,15780
12/29/2004,15780
12/30/2004,15778
12/31/2004,15302
01/03/2005,15771
01/04/2005,15773
01/05/2005,15775
01/06/2005,15785
01/07/2005,15785
01/10/2005,15773
01/11/2005,15770
01/12/2005,15766
1/13/2005,15771
1/14/2005,15745
1/17/2005,15781
1/18/2005,15780
1/19/2005,15781
1/20/2005,15780
1/21/2005,15784
1/24/2005,15785
1/25/2005,15785
1/26/2005,15781
1/27/2005,15791
1/28/2005,15785
1/31/2005,15781
02/01/2005,15800
02/02/2005,15795
02/03/2005,15790
02/04/2005,15798
02/07/2005,15786
02/08/2005,15790
02/09/2005,15796
02/10/2005,15795
02/11/2005,15800
2/14/2005,15144
2/15/2005,15784
2/16/2005,15795
2/17/2005,15780
2/18/2005,15788
2/21/2005,15790
2/22/2005,15790
2/23/2005,15788
2/24/2005,15799
2/25/2005,15790
2/28/2005,15796
03/01/2005,15804
03/02/2005,15798
03/03/2005,15808
03/04/2005,15202
03/07/2005,15159
03/08/2005,15168
03/09/2005,15193
03/10/2005,15167
03/11/2005,15166
3/14/2005,15153
3/15/2005,15172
3/16/2005,15163
3/17/2005,15173
3/18/2005,15815
3/21/2005,15808
3/22/2005,15815
3/23/2005,15820
3/24/2005,15818
3/25/2005,15820
3/28/2005,15825
3/29/2005,15825
3/30/2005,15828
3/31/2005,15825
04/01/2005,15815
04/04/2005,15818
04/05/2005,15825
04/06/2005,15826
04/07/2005,15830
04/08/2005,15825
04/11/2005,15825
04/12/2005,15825
4/13/2005,15815
4/14/2005,15830
4/15/2005,15820
4/18/2005,15820
4/19/2005,15825
4/20/2005,15835
4/21/2005,15830
4/22/2005,15825
4/25/2005,15822
4/26/2005,15820
4/27/2005,15820
4/28/2005,15840
4/29/2005,15825
05/02/2005,15825
05/03/2005,15820
05/04/2005,15840
05/05/2005,15840
05/06/2005,15845
05/09/2005,15835
05/10/2005,15835
05/11/2005,15835
05/12/2005,15285
5/13/2005,15835
5/16/2005,15830
5/17/2005,15845
5/18/2005,15840
5/19/2005,15830
5/20/2005,15835
5/23/2005,15840
5/24/2005,15835
5/25/2005,15190
5/26/2005,15840
5/27/2005,15840
5/30/2005,15192
5/31/2005,15855
06/01/2005,15840
06/02/2005,15850
06/03/2005,15855
06/06/2005,15855
06/07/2005,15860
06/08/2005,15855
06/09/2005,15190
06/10/2005,15866
6/13/2005,15868
6/14/2005,15855
6/15/2005,15862
6/16/2005,15875
6/17/2005,15876
6/20/2005,15866
6/21/2005,15870
6/22/2005,15860
6/23/2005,15865
6/24/2005,15850
6/27/2005,15850
6/28/2005,15198
6/29/2005,15855
6/30/2005,15855
07/01/2005,15845
07/04/2005,15146
07/05/2005,15846
07/06/2005,15850
07/07/2005,15855
07/08/2005,15860
07/11/2005,15855
07/12/2005,15865
7/13/2005,15295
7/14/2005,15875
7/15/2005,15855
7/18/2005,15872
7/19/2005,15870
7/20/2005,15865
7/21/2005,15870
7/22/2005,15870
7/25/2005,15159
7/26/2005,15870
7/27/2005,15870
7/28/2005,15157
7/29/2005,15171
08/01/2005,15870
08/02/2005,15870
08/03/2005,15872
08/04/2005,15880
08/05/2005,15879
08/08/2005,15868
08/09/2005,15862
08/10/2005,15872
08/11/2005,15870
08/12/2005,15865
8/15/2005,15868
8/16/2005,15861
8/17/2005,15861
8/18/2005,15860
8/19/2005,15857
8/22/2005,15862
8/23/2005,15869
8/24/2005,15874
8/25/2005,15871
8/26/2005,15881
8/29/2005,15885
8/30/2005,15872
8/31/2005,15867
09/01/2005,15867
09/02/2005,15874
09/05/2005,15876
09/06/2005,15871
09/07/2005,15874
09/08/2005,15880
09/09/2005,15875
09/12/2005,15885
9/13/2005,15872
9/14/2005,15885
9/15/2005,15880
9/16/2005,15880
9/19/2005,15864
9/20/2005,15874
9/21/2005,15881
9/22/2005,15865
9/23/2005,15870
9/26/2005,15880
9/27/2005,15885
9/28/2005,15885
9/29/2005,15890
9/30/2005,15895
10/03/2005,15895
10/04/2005,15895
10/05/2005,15886
10/06/2005,15896
10/07/2005,15896
10/10/2005,15891
10/11/2005,15895
10/12/2005,15888
10/13/2005,15898
10/14/2005,15901
10/17/2005,15910
10/18/2005,15910
10/19/2005,15908
10/20/2005,15904
10/21/2005,15904
10/24/2005,15902
10/25/2005,15908
10/26/2005,15914
10/27/2005,15910
10/28/2005,15902
10/31/2005,15901
11/01/2005,15890
11/02/2005,15888
11/03/2005,15892
11/04/2005,15892
11/07/2005,15889
11/08/2005,15893
11/09/2005,15896
11/10/2005,15895
11/11/2005,15889
11/14/2005,15902
11/15/2005,15904
11/16/2005,15910
11/17/2005,15905
11/18/2005,15904
11/21/2005,15899
11/22/2005,15903
11/23/2005,15903
11/24/2005,15910
11/25/2005,15905
11/28/2005,15901
11/29/2005,15901
11/30/2005,15907
12/01/2005,15903
12/02/2005,15900
12/05/2005,15903
12/06/2005,15907
12/07/2005,15901
12/08/2005,15897
12/09/2005,15904
12/12/2005,15905
12/13/2005,15904
12/14/2005,15902
12/15/2005,15905
12/16/2005,15900
12/19/2005,15915
12/20/2005,15910
12/21/2005,15907
12/22/2005,15904
12/23/2005,15894
12/26/2005,15902
12/27/2005,15899
12/28/2005,15888
12/29/2005,15900
12/30/2005,15913
01/02/2006,15913
01/03/2006,15903
01/04/2006,15916
01/05/2006,15904
01/06/2006,15914
01/09/2006,15912
01/10/2006,15905
01/11/2006,15917
01/12/2006,15904
1/13/2006,15901
1/16/2006,15896
1/17/2006,15902
1/18/2006,15900
1/19/2006,15908
1/20/2006,15913
1/23/2006,15918
1/24/2006,15915
1/25/2006,15918
1/26/2006,15915
1/27/2006,15913
1/30/2006,15913
1/31/2006,15913
02/01/2006,15915
02/02/2006,15912
02/03/2006,15929
02/06/2006,15922
02/07/2006,15923
02/08/2006,15928
02/09/2006,15925
02/10/2006,15915
2/13/2006,15925
2/14/2006,15927
2/15/2006,15931
2/16/2006,15934
2/17/2006,15924
2/20/2006,15921
2/21/2006,15920
2/22/2006,15914
2/23/2006,15914
2/24/2006,15908
2/27/2006,15913
2/28/2006,15909
03/01/2006,15912
03/02/2006,15901
03/03/2006,15904
03/06/2006,15905
03/07/2006,15905
03/08/2006,15903
03/09/2006,15903
03/10/2006,15909
3/13/2006,15904
3/14/2006,15893
3/15/2006,15899
3/16/2006,15911
3/17/2006,15906
3/20/2006,15904
3/21/2006,15911
3/22/2006,15916
3/23/2006,15910
3/24/2006,15910
3/27/2006,15915
3/28/2006,15920
3/29/2006,15915
3/30/2006,15233
3/31/2006,15915
04/03/2006,15920
04/04/2006,15227
04/05/2006,15192
04/06/2006,15910
04/07/2006,15915
04/10/2006,15329
04/11/2006,15918
04/12/2006,15915
4/13/2006,15276
4/14/2006,15219
4/17/2006,15184
4/18/2006,15915
4/19/2006,15910
4/20/2006,15252
4/21/2006,15925
4/24/2006,15925
4/25/2006,15242
4/26/2006,15930
4/27/2006,15925
4/28/2006,15928
05/01/2006,15164
05/02/2006,15935
05/03/2006,15935
05/04/2006,15283
05/05/2006,15965
05/08/2006,15417
05/09/2006,16000
05/10/2006,15975
05/11/2006,15351
05/12/2006,15325
5/15/2006,15315
5/16/2006,15965
5/17/2006,15507
5/18/2006,15204
5/19/2006,15302
5/22/2006,15310
5/23/2006,15378
5/24/2006,15441
5/25/2006,15400
5/26/2006,15391
5/29/2006,15320
5/30/2006,15307
5/31/2006,15364
06/01/2006,15305
06/02/2006,15184
06/05/2006,15962
06/06/2006,15368
06/07/2006,15320
06/08/2006,15440
06/09/2006,15340
06/12/2006,15329
6/13/2006,15357
6/14/2006,15347
6/15/2006,15315
6/16/2006,15335
6/19/2006,15319
6/20/2006,15308
6/21/2006,15266
6/22/2006,15333
6/23/2006,15337
6/26/2006,15293
6/27/2006,15316
6/28/2006,15348
6/29/2006,15322
6/30/2006,15327
07/03/2006,15342
07/04/2006,15352
07/05/2006,15385
07/06/2006,15326
07/07/2006,15325
07/10/2006,15353
07/11/2006,15316
07/12/2006,15355
7/13/2006,15320
7/14/2006,15363
7/17/2006,15342
7/18/2006,15370
7/19/2006,15316
7/20/2006,15323
7/21/2006,15321
7/24/2006,15319
7/25/2006,15410
7/26/2006,15406
7/27/2006,15395
7/28/2006,15400
7/31/2006,15320
08/01/2006,15326
08/02/2006,15351
08/03/2006,15319
08/04/2006,15289
08/07/2006,15405
08/08/2006,15363
08/09/2006,15382
08/10/2006,15429
08/11/2006,15397
8/14/2006,15995
8/15/2006,15336
8/16/2006,15272
8/17/2006,15383
8/18/2006,15997
8/21/2006,15996
8/22/2006,16005
8/23/2006,16008
8/24/2006,16008
8/25/2006,16008
8/28/2006,16005
8/29/2006,16004
8/30/2006,16005
8/31/2006,16005
09/01/2006,15358
09/04/2006,15346
09/05/2006,16005
09/06/2006,15369
09/07/2006,15404
09/08/2006,15388
09/11/2006,15407
09/12/2006,15396
9/13/2006,15394
9/14/2006,15358
9/15/2006,15408
9/18/2006,15412
9/19/2006,15355
9/20/2006,15353
9/21/2006,15338
9/22/2006,15415
9/25/2006,15400
9/26/2006,15392
9/27/2006,15380
9/28/2006,15411
9/29/2006,15393
10/02/2006,15359
10/03/2006,15295
10/04/2006,15387
10/05/2006,15417
10/06/2006,15484
10/09/2006,15390
10/10/2006,15455
10/11/2006,15419
10/12/2006,15348
10/13/2006,15436
10/16/2006,15394
10/17/2006,15372
10/18/2006,15403
10/19/2006,15399
10/20/2006,15397
10/23/2006,15401
10/24/2006,15407
10/25/2006,15377
10/26/2006,15373
10/27/2006,15365
10/30/2006,15424
10/31/2006,15402
11/01/2006,15403
11/02/2006,15426
11/03/2006,15498
11/06/2006,15398
11/07/2006,15392
11/08/2006,15452
11/09/2006,15474
11/10/2006,15457
11/13/2006,15456
11/14/2006,15445
11/15/2006,15443
11/16/2006,15450
11/17/2006,15461
11/20/2006,15453
11/21/2006,15418
11/22/2006,15382
11/23/2006,15446
11/24/2006,15443
11/27/2006,15411
11/28/2006,15400
11/29/2006,15438
11/30/2006,15365
12/01/2006,15354
12/04/2006,15399
12/05/2006,15436
12/06/2006,15430
12/07/2006,15422
12/08/2006,15505
12/11/2006,15561
12/12/2006,15374
12/13/2006,15499
12/14/2006,15459
12/15/2006,15444
12/18/2006,15444
12/19/2006,16062
12/20/2006,15458
12/21/2006,15415
12/22/2006,15483
12/25/2006,15483
12/26/2006,16055
12/27/2006,15451
12/28/2006,15401
12/29/2006,16035
01/01/2007,15390
01/02/2007,15423
01/03/2007,15476
01/04/2007,15419
01/05/2007,15507
01/08/2007,15403
01/09/2007,15448
01/10/2007,15451
01/11/2007,15446
01/12/2007,15468
1/15/2007,15387
1/16/2007,15469
1/17/2007,15469
1/18/2007,15376
1/19/2007,15406
1/22/2007,15426
1/23/2007,15421
1/24/2007,15461
1/25/2007,15472
1/26/2007,15418
1/29/2007,15412
1/30/2007,15381
1/31/2007,15386
02/01/2007,15380
02/02/2007,15468
02/05/2007,15360
02/06/2007,15356
02/07/2007,15314
02/08/2007,15301
02/09/2007,15331
02/12/2007,15331
2/13/2007,15313
2/14/2007,15297
2/15/2007,15329
2/16/2007,15335
2/19/2007,15332
2/20/2007,15336
2/21/2007,15344
2/22/2007,15298
2/23/2007,15302
2/26/2007,15305
2/27/2007,15325
2/28/2007,15340
03/01/2007,15415
03/02/2007,15424
03/05/2007,15360
03/06/2007,15347
03/07/2007,15351
03/08/2007,15377
03/09/2007,15401
03/12/2007,15402
3/13/2007,15360
3/14/2007,15361
3/15/2007,16016
3/16/2007,15387
3/19/2007,15379
3/20/2007,15373
3/21/2007,15352
3/22/2007,15365
3/23/2007,15402
3/26/2007,15371
3/27/2007,15362
3/28/2007,15414
3/29/2007,15408
3/30/2007,15419
04/02/2007,15386
04/03/2007,15425
04/04/2007,15418
04/05/2007,15367
04/06/2007,15351
04/09/2007,16035
04/10/2007,15381
04/11/2007,15393
04/12/2007,15385
4/13/2007,15441
4/16/2007,15426
4/17/2007,15409
4/18/2007,15415
4/19/2007,15414
4/20/2007,15424
4/23/2007,15411
4/24/2007,15394
4/25/2007,15435
4/26/2007,15437
4/27/2007,15446
4/30/2007,15430
05/01/2007,15440
05/02/2007,15418
05/03/2007,15495
05/04/2007,15494
05/07/2007,15429
05/08/2007,15450
05/09/2007,15424
05/10/2007,15489
05/11/2007,15493
5/14/2007,15430
5/15/2007,15430
5/16/2007,15504
5/17/2007,16030
5/18/2007,15433
5/21/2007,15414
5/22/2007,15418
5/23/2007,15439
5/24/2007,15783
5/25/2007,15794
5/28/2007,15762
5/29/2007,15818
5/30/2007,15786
5/31/2007,15782
06/01/2007,15785
06/04/2007,15769
06/05/2007,15794
06/06/2007,15824
06/07/2007,15858
06/08/2007,15959
06/11/2007,15787
06/12/2007,15855
6/13/2007,15871
6/14/2007,15816
6/15/2007,15812
6/18/2007,15836
6/19/2007,15807
6/20/2007,15859
6/21/2007,15873
6/22/2007,15816
6/25/2007,15838
6/26/2007,15832
6/27/2007,15848
6/28/2007,15835
6/29/2007,15865
07/02/2007,15840
07/03/2007,15838
07/04/2007,15836
07/05/2007,15900
07/06/2007,15898
07/09/2007,15850
07/10/2007,16130
07/11/2007,15846
07/12/2007,15864
7/13/2007,15855
7/16/2007,15869
7/17/2007,15864
7/18/2007,15820
7/19/2007,15870
7/20/2007,15870
7/23/2007,15852
7/24/2007,15840
7/25/2007,15859
7/26/2007,15866
7/27/2007,15853
7/30/2007,15855
7/31/2007,15873
08/01/2007,15893
08/02/2007,15853
08/03/2007,15821
08/06/2007,15870
08/07/2007,15936
08/08/2007,15924
08/09/2007,15955
08/10/2007,15976
8/13/2007,15963
8/14/2007,15968
8/15/2007,15997
8/16/2007,16013
8/17/2007,15905
8/20/2007,15966
8/21/2007,16001
8/22/2007,16002
8/23/2007,15973
8/24/2007,15973
8/27/2007,15969
8/28/2007,16035
8/29/2007,16059
8/30/2007,15922
8/31/2007,15979
09/03/2007,15959
09/04/2007,15970
09/05/2007,15886
09/06/2007,15913
09/07/2007,15916
09/10/2007,16235
09/11/2007,16235
09/12/2007,15910
9/13/2007,15975
9/14/2007,15965
9/17/2007,15962
9/18/2007,15957
9/19/2007,15930
9/20/2007,15922
9/21/2007,15880
9/24/2007,15901
9/25/2007,15915
9/26/2007,15816
9/27/2007,15825
9/28/2007,15805
10/01/2007,15810
10/02/2007,15800
10/03/2007,15860
10/04/2007,15861
10/05/2007,15774
10/08/2007,15837
10/09/2007,15845
10/10/2007,15788
10/11/2007,15803
10/12/2007,15815
10/15/2007,15839
10/16/2007,15850
10/17/2007,15782
10/18/2007,15768
10/19/2007,15798
10/22/2007,15839
10/23/2007,15827
10/24/2007,15766
10/25/2007,15783
10/26/2007,15782
10/29/2007,15813
10/30/2007,15809
10/31/2007,15798
11/01/2007,15801
11/02/2007,15798
11/05/2007,15801
11/06/2007,15797
11/07/2007,15857
11/08/2007,15800
11/09/2007,15813
11/12/2007,15818
11/13/2007,15775
11/14/2007,15830
11/15/2007,15807
11/16/2007,15799
11/19/2007,15786
11/20/2007,15776
11/21/2007,15746
11/22/2007,15758
11/23/2007,15773
11/26/2007,16045
11/27/2007,15806
11/28/2007,15804
11/29/2007,15758
11/30/2007,16037
12/03/2007,16042
12/04/2007,15761
12/05/2007,16035
12/06/2007,16033
12/07/2007,15777
12/10/2007,15769
12/11/2007,15773
12/12/2007,15770
12/13/2007,15847
12/14/2007,15827
12/17/2007,15829
12/18/2007,15753
12/19/2007,15793
12/20/2007,15775
12/21/2007,15755
12/24/2007,16028
12/25/2007,15740
12/26/2007,16020
12/27/2007,15755
12/28/2007,15736
12/31/2007,15870
01/01/2008,15868
01/02/2008,15990
01/03/2008,15751
01/04/2008,15754
01/07/2008,15724
01/08/2008,15724
01/09/2008,15766
01/10/2008,15748
01/11/2008,15708
1/14/2008,15749
1/15/2008,15806
1/16/2008,15849
1/17/2008,15730
1/18/2008,15975
1/21/2008,15765
1/22/2008,15779
1/23/2008,15648
1/24/2008,15671
1/25/2008,15747
1/28/2008,15722
1/29/2008,15726
1/30/2008,15658
1/31/2008,15720
02/01/2008,15960
02/04/2008,15702
02/05/2008,15723
02/06/2008,15688
02/07/2008,15835
02/08/2008,15684
02/11/2008,15723
02/12/2008,15734
2/13/2008,15701
2/14/2008,15709
2/15/2008,15693
2/18/2008,15679
2/19/2008,15697
2/20/2008,15698
2/21/2008,15625
2/22/2008,15688
2/25/2008,15682
2/26/2008,15661
2/27/2008,15672
2/28/2008,15618
2/29/2008,15673
03/03/2008,15654
03/04/2008,15676
03/05/2008,15865
03/06/2008,15657
03/07/2008,15655
03/10/2008,15633
03/11/2008,15745
03/12/2008,15727
3/13/2008,15612
3/14/2008,15603
3/17/2008,15800
3/18/2008,15614
3/19/2008,15658
3/20/2008,15582
3/21/2008,15591
3/24/2008,15675
3/25/2008,15551
3/26/2008,15575
3/27/2008,15841
3/28/2008,15933
3/31/2008,15914
04/01/2008,16115
04/02/2008,15878
04/03/2008,15836
04/04/2008,15855
04/07/2008,15872
04/08/2008,15884
04/09/2008,15872
04/10/2008,15996
04/11/2008,15861
4/14/2008,15861
4/15/2008,15889
4/16/2008,15895
4/17/2008,15893
4/18/2008,15970
4/21/2008,15975
4/22/2008,15848
4/23/2008,15965
4/24/2008,15945
4/25/2008,15928
4/28/2008,15886
4/29/2008,15876
4/30/2008,15868
05/01/2008,16120
05/02/2008,15901
05/05/2008,15840
05/06/2008,15846
05/07/2008,15912
05/08/2008,15827
05/09/2008,15950
05/12/2008,15950
5/13/2008,15891
5/14/2008,15894
5/15/2008,15956
5/16/2008,15934
5/19/2008,15980
5/20/2008,15968
5/21/2008,15916
5/22/2008,15959
5/23/2008,15950
5/26/2008,15946
5/27/2008,16044
5/28/2008,16014
5/29/2008,16010
5/30/2008,16025
06/02/2008,15986
06/03/2008,16157
06/04/2008,16050
06/05/2008,15955
06/06/2008,16005
06/09/2008,16185
06/10/2008,16065
06/11/2008,16050
06/12/2008,16325
6/13/2008,16050
6/16/2008,16349
6/17/2008,16354
6/18/2008,16304
6/19/2008,16344
6/20/2008,16344
6/23/2008,16354
6/24/2008,16316
6/25/2008,16271
6/26/2008,16317
6/27/2008,16592
6/30/2008,16355
07/01/2008,16847
07/02/2008,16482
07/03/2008,16793
07/04/2008,16791
07/07/2008,16529
07/08/2008,16523
07/09/2008,16500
07/10/2008,16596
07/11/2008,16589
7/14/2008,16542
7/15/2008,16698
7/16/2008,16702
7/17/2008,16568
7/18/2008,16555
7/21/2008,16414
7/22/2008,16350
7/23/2008,16642
7/24/2008,16300
7/25/2008,16554
7/28/2008,16543
7/29/2008,16692
7/30/2008,16535
7/31/2008,16525
08/01/2008,16506
08/04/2008,16534
08/05/2008,16350
08/06/2008,16350
08/07/2008,16480
08/08/2008,16353
08/11/2008,16150
08/12/2008,16296
8/13/2008,16296
8/14/2008,16403
8/15/2008,16353
8/18/2008,16427
8/19/2008,16297
8/20/2008,16329
8/21/2008,16207
8/22/2008,16364
8/25/2008,16396
8/26/2008,16291
8/27/2008,16367
8/28/2008,16379
8/29/2008,16315
09/01/2008,16324
09/02/2008,16253
09/03/2008,16231
09/04/2008,16563
09/05/2008,16234
09/08/2008,16445
09/09/2008,16391
09/10/2008,16435
09/11/2008,16458
09/12/2008,16228
9/15/2008,16313
9/16/2008,16408
9/17/2008,16301
9/18/2008,16611
9/19/2008,16693
9/22/2008,16191
9/23/2008,16611
9/24/2008,16374
9/25/2008,16393
9/26/2008,16302
9/29/2008,16321
9/30/2008,16577
10/01/2008,16456
10/02/2008,16545
10/03/2008,16421
10/06/2008,16383
10/07/2008,16369
10/08/2008,16463
10/09/2008,16453
10/10/2008,16469
10/13/2008,16309
10/14/2008,16420
10/15/2008,16599
10/16/2008,16294
10/17/2008,16266
10/20/2008,16523
10/21/2008,16720
10/22/2008,16551
10/23/2008,16557
10/24/2008,16471
10/27/2008,16525
10/28/2008,16614
10/29/2008,16335
10/30/2008,16838
10/31/2008,16617
11/03/2008,16812
11/04/2008,16555
11/05/2008,16556
11/06/2008,16505
11/07/2008,16734
11/10/2008,16854
11/11/2008,16946
11/12/2008,16807
11/13/2008,16775
11/14/2008,16825
11/17/2008,16684
11/18/2008,16641
11/19/2008,16840
11/20/2008,16753
11/21/2008,16740
11/24/2008,16543
11/25/2008,16496
11/26/2008,16766
11/27/2008,16725
11/28/2008,16782
12/01/2008,16812
12/02/2008,16824
12/03/2008,16582
12/04/2008,16567
12/05/2008,16613
12/08/2008,16583
12/09/2008,16641
12/10/2008,16582
12/11/2008,16564
12/12/2008,16743
12/15/2008,16700
12/16/2008,16470
12/17/2008,16330
12/18/2008,17105
12/19/2008,16798
12/22/2008,16743
12/23/2008,16783
12/24/2008,16759
12/25/2008,16676
12/26/2008,16664
12/29/2008,17179
12/30/2008,17239
12/31/2008,17204
01/01/2009,17211
01/02/2009,17216
01/05/2009,17226
01/06/2009,16976
01/07/2009,17143
01/08/2009,17207
01/09/2009,17526
01/12/2009,17268
1/13/2009,17313
1/14/2009,17248
1/15/2009,17231
1/16/2009,17174
1/19/2009,17401
1/20/2009,17309
1/21/2009,17052
1/22/2009,17154
1/23/2009,16938
1/26/2009,17176
1/27/2009,17172
1/28/2009,17332
1/29/2009,17436
1/30/2009,17150
02/02/2009,17204
02/03/2009,17182
02/04/2009,16997
02/05/2009,17229
02/06/2009,17276
02/09/2009,17157
02/10/2009,17323
02/11/2009,17174
02/12/2009,16755
2/13/2009,17101
2/16/2009,17171
2/17/2009,17276
2/18/2009,17215
2/19/2009,17206
2/20/2009,16875
2/23/2009,17165
2/24/2009,17326
2/25/2009,17084
2/26/2009,17224
2/27/2009,16875
03/02/2009,17183
03/03/2009,16755
03/04/2009,16750
03/05/2009,17169
03/06/2009,17157
03/09/2009,17156
03/10/2009,17091
03/11/2009,17161
03/12/2009,16725
3/13/2009,16725
3/16/2009,17256
3/17/2009,16750
3/18/2009,16755
3/19/2009,16750
3/20/2009,17188
3/23/2009,16750
3/24/2009,16755
3/25/2009,17517
3/26/2009,17520
3/27/2009,17588
3/30/2009,17471
3/31/2009,17454
04/01/2009,17633
04/02/2009,17482
04/03/2009,17474
04/06/2009,16800
04/07/2009,17715
04/08/2009,17490
04/09/2009,17485
04/10/2009,17691
4/13/2009,17735
4/14/2009,16825
4/15/2009,17473
4/16/2009,17552
4/17/2009,17474
4/20/2009,17600
4/21/2009,16855
4/22/2009,17491
4/23/2009,17371
4/24/2009,17472
4/27/2009,17450
4/28/2009,17454
4/29/2009,17499
4/30/2009,17487
05/01/2009,17514
05/04/2009,17477
05/05/2009,17460
05/06/2009,17486
05/07/2009,17476
05/08/2009,16855
05/11/2009,16880
05/12/2009,16885
5/13/2009,17551
5/14/2009,16880
5/15/2009,16855
5/18/2009,17486
5/19/2009,16850
5/20/2009,17501
5/21/2009,16855
5/22/2009,17510
5/25/2009,17501
5/26/2009,16850
5/27/2009,16855
5/28/2009,16850
5/29/2009,17462
06/01/2009,16855
06/02/2009,16850
06/03/2009,17487
06/04/2009,17524
06/05/2009,16850
06/08/2009,16850
06/09/2009,16855
06/10/2009,16855
06/11/2009,17518
06/12/2009,16850
6/15/2009,16855
6/16/2009,16850
6/17/2009,16855
6/18/2009,16850
6/19/2009,17504
6/22/2009,16855
6/23/2009,16850
6/24/2009,16850
6/25/2009,17511
6/26/2009,16855
6/29/2009,17488
6/30/2009,16850
07/01/2009,17516
07/02/2009,17513
07/03/2009,17512
07/06/2009,17512
07/07/2009,17522
07/08/2009,17520
07/09/2009,17515
07/10/2009,17512
7/13/2009,17485
7/14/2009,17502
7/15/2009,17523
7/16/2009,17478
7/17/2009,17515
7/20/2009,17524
7/21/2009,16850
7/22/2009,16855
7/23/2009,16855
7/24/2009,17529
7/27/2009,16850
7/28/2009,16850
7/29/2009,16855
7/30/2009,16850
7/31/2009,16865
08/03/2009,17525
08/04/2009,16860
08/05/2009,16850
08/06/2009,17534
08/07/2009,16855
08/10/2009,16855
08/11/2009,16855
08/12/2009,16850
8/13/2009,16855
8/14/2009,16850
8/17/2009,16855
8/18/2009,17700
8/19/2009,17700
8/20/2009,17735
8/21/2009,17730
8/24/2009,17523
8/25/2009,17534
8/26/2009,17700
8/27/2009,17710
8/28/2009,17605
8/31/2009,17725
09/01/2009,17700
09/02/2009,17700
09/03/2009,17725
09/04/2009,17725
09/07/2009,17543
09/08/2009,17700
09/09/2009,17725
09/10/2009,17506
09/11/2009,17700
9/14/2009,17700
9/15/2009,17502
9/16/2009,17800
9/17/2009,17543
9/18/2009,17558
9/21/2009,17534
9/22/2009,17730
9/23/2009,17700
9/24/2009,17701
9/25/2009,17578
9/28/2009,17578
9/29/2009,17534
9/30/2009,17720
10/01/2009,17576
10/02/2009,17500
10/05/2009,17615
10/06/2009,17615
10/07/2009,17580
10/08/2009,17800
10/09/2009,17615
10/12/2009,17581
10/13/2009,17546
10/14/2009,17815
10/15/2009,17800
10/16/2009,17800
10/19/2009,17805
10/20/2009,17805
10/21/2009,17805
10/22/2009,17805
10/23/2009,17815
10/26/2009,17825
10/27/2009,17835
10/28/2009,17651
10/29/2009,17840
10/30/2009,17676
11/02/2009,17840
11/03/2009,17841
11/04/2009,17835
11/05/2009,17825
11/06/2009,17820
11/09/2009,17825
11/10/2009,17825
11/11/2009,17825
11/12/2009,17820
11/13/2009,17575
11/16/2009,17805
11/17/2009,17800
11/18/2009,17825
11/19/2009,17800
11/20/2009,17820
11/23/2009,17800
11/24/2009,17805
11/25/2009,17800
11/26/2009,18223
11/27/2009,17800
11/30/2009,18227
12/01/2009,18099
12/02/2009,18267
12/03/2009,18425
12/04/2009,18420
12/07/2009,18200
12/08/2009,18584
12/09/2009,18201
12/10/2009,18204
12/11/2009,18396
12/14/2009,18200
12/15/2009,18420
12/16/2009,18085
12/17/2009,18188
12/18/2009,18193
12/21/2009,18193
12/22/2009,18425
12/23/2009,18420
12/24/2009,18196
12/25/2009,
12/28/2009,18425
12/29/2009,18420
12/30/2009,18405
12/31/2009,18400
01/01/2010,
01/04/2010,18167
01/05/2010,18415
01/06/2010,18425
01/07/2010,18190
01/08/2010,18205
01/11/2010,18198
01/12/2010,18196
1/13/2010,18201
1/14/2010,18207
1/15/2010,18198
1/18/2010,18202
1/19/2010,18190
1/20/2010,18203
1/21/2010,18187
1/22/2010,18190
1/25/2010,18218
1/26/2010,18199
1/27/2010,18184
1/28/2010,18179
1/29/2010,18192
02/01/2010,18410
02/02/2010,18405
02/03/2010,18440
02/04/2010,18425
02/05/2010,18425
02/08/2010,18415
02/09/2010,18410
02/10/2010,18405
02/11/2010,18400
02/12/2010,18400
2/15/2010,18602
2/16/2010,18405
2/17/2010,18405
2/18/2010,18525
2/19/2010,18500
2/22/2010,18525
2/23/2010,18505
2/24/2010,18776
2/25/2010,18505
2/26/2010,18800
03/01/2010,19000
03/02/2010,19025
03/03/2010,19005
03/04/2010,19000
03/05/2010,19010
03/08/2010,19000
03/09/2010,19005
03/10/2010,19050
03/11/2010,19050
03/12/2010,19050
3/15/2010,18603
3/16/2010,19055
3/17/2010,19025
3/18/2010,19015
3/19/2010,19025
3/22/2010,19000
3/23/2010,19005
3/24/2010,18425
3/25/2010,19005
3/26/2010,19010
3/29/2010,19025
3/30/2010,19050
3/31/2010,19055
04/01/2010,19050
04/02/2010,18727
04/05/2010,19025
04/06/2010,19040
04/07/2010,189
04/08/2010,19030
04/09/2010,18975
04/12/2010,18960
4/13/2010,18965
4/14/2010,18950
4/15/2010,18945
4/16/2010,18719
4/19/2010,18699
4/20/2010,18682
4/21/2010,18686
4/22/2010,18900
4/23/2010,18880
4/26/2010,18683
4/27/2010,18925
4/28/2010,18900
4/29/2010,18890
4/30/2010,18875
05/03/2010,18980
05/04/2010,18900
05/05/2010,18900
05/06/2010,18900
05/07/2010,18905
05/10/2010,18731
05/11/2010,18945
05/12/2010,18920
5/13/2010,18940
5/14/2010,18950
5/17/2010,18582
5/18/2010,18940
5/19/2010,18461
5/20/2010,18935
5/21/2010,18940
5/24/2010,18950
5/25/2010,18950
5/26/2010,18960
5/27/2010,18950
5/28/2010,18945
5/31/2010,18542
06/01/2010,18925
06/02/2010,18940
06/03/2010,18950
06/04/2010,18955
06/07/2010,18652
06/08/2010,18940
06/09/2010,18925
06/10/2010,18654
06/11/2010,18940
6/14/2010,18925
6/15/2010,18920
6/16/2010,18925
6/17/2010,18930
6/18/2010,18925
6/21/2010,18920
6/22/2010,18925
6/23/2010,18636
6/24/2010,18925
6/25/2010,18930
6/28/2010,18955
6/29/2010,18742
6/30/2010,18950
07/01/2010,19000
07/02/2010,19000
07/05/2010,18778
07/06/2010,19025
07/07/2010,19050
07/08/2010,18776
07/09/2010,18776
07/12/2010,18827
7/13/2010,19055
7/14/2010,18715
7/15/2010,19050
7/16/2010,18757
7/19/2010,19075
7/20/2010,19135
7/21/2010,18782
7/22/2010,18788
7/23/2010,19075
7/26/2010,19075
7/27/2010,18782
7/28/2010,19050
7/29/2010,19055
7/30/2010,19070
08/02/2010,18769
08/03/2010,19050
08/04/2010,19005
08/05/2010,18795
08/06/2010,19030
08/09/2010,19050
08/10/2010,19045
08/11/2010,19050
08/12/2010,19045
8/13/2010,19050
8/16/2010,18774
8/17/2010,18793
8/18/2010,19147
8/19/2010,19182
8/20/2010,19154
8/23/2010,19152
8/24/2010,19167
8/25/2010,19177
8/26/2010,19141
8/27/2010,19161
8/30/2010,19194
8/31/2010,19180
09/01/2010,19450
09/02/2010,19165
09/03/2010,19455
09/06/2010,19183
09/07/2010,19450
09/08/2010,19159
09/09/2010,19176
09/10/2010,19175
9/13/2010,19455
9/14/2010,19475
9/15/2010,19475
9/16/2010,19450
9/17/2010,19455
9/20/2010,19450
9/21/2010,19455
9/22/2010,19163
9/23/2010,19169
9/24/2010,19192
9/27/2010,19179
9/28/2010,19475
9/29/2010,19470
9/30/2010,19172
10/01/2010,19475
10/04/2010,19470
10/05/2010,19475
10/06/2010,19460
10/07/2010,19465
10/08/2010,19460
10/11/2010,19265
10/12/2010,19465
10/13/2010,19465
10/14/2010,19215
10/15/2010,19470
10/18/2010,19114
10/19/2010,19460
10/20/2010,16465
10/21/2010,19470
10/22/2010,19465
10/25/2010,19460
10/26/2010,19465
10/27/2010,19455
10/28/2010,19211
10/29/2010,19450
11/01/2010,19440
11/02/2010,19445
11/03/2010,19209
11/04/2010,19182
11/05/2010,19465
11/08/2010,19470
11/09/2010,19465
11/10/2010,19470
11/11/2010,19465
11/12/2010,19460
11/15/2010,19465
11/16/2010,19201
11/17/2010,19198
11/18/2010,19460
11/19/2010,19455
11/22/2010,19450
11/23/2010,19455
11/24/2010,19460
11/25/2010,19197
11/26/2010,19460
11/29/2010,19460
11/30/2010,19465
12/01/2010,19465
12/02/2010,19460
12/03/2010,19465
12/06/2010,19460
12/07/2010,19460
12/08/2010,19460
12/09/2010,19465
12/10/2010,19460
12/13/2010,19465
12/14/2010,19465
12/15/2010,19460
12/16/2010,19465
12/17/2010,19465
12/20/2010,19460
12/21/2010,19460
12/22/2010,19460
12/23/2010,19465
12/24/2010,19460
12/27/2010,19465
12/28/2010,19460
12/29/2010,19465
12/30/2010,19450
12/31/2010,19460
01/03/2011,19465
01/04/2011,19465
01/05/2011,19460
01/06/2011,19460
01/07/2011,19465
01/10/2011,19460
01/11/2011,19142
01/12/2011,19465
1/13/2011,19460
1/14/2011,19460
1/17/2011,19465
1/18/2011,19460
1/19/2011,19465
1/20/2011,19245
1/21/2011,19063
1/24/2011,19460
1/25/2011,19465
1/26/2011,19231
1/27/2011,19208
1/28/2011,19193
1/31/2011,19465
02/01/2011,19460
02/02/2011,19465
02/03/2011,19460
02/04/2011,19460
02/07/2011,19136
02/08/2011,19465
02/09/2011,19460
02/10/2011,19460
02/11/2011,19465
2/14/2011,19460
2/15/2011,19460
2/16/2011,19460
2/17/2011,19465
2/18/2011,19465
2/21/2011,19460
2/22/2011,19460
2/23/2011,19460
2/24/2011,19460
2/25/2011,19460
2/28/2011,19465
03/01/2011,19465
03/02/2011,19465
03/03/2011,19460
03/04/2011,19460
03/07/2011,19465
03/08/2011,19465
03/09/2011,20860
03/10/2011,20850
03/11/2011,20855
3/14/2011,20850
3/15/2011,20850
3/16/2011,20855
3/17/2011,20850
3/18/2011,20855
3/21/2011,20540
3/22/2011,20855
3/23/2011,20865
3/24/2011,20870
3/25/2011,20595
3/28/2011,20614
3/29/2011,20875
3/30/2011,20870
3/31/2011,20880
04/01/2011,20885
04/04/2011,20585
04/05/2011,20875
04/06/2011,20880
04/07/2011,20875
04/08/2011,20546
04/11/2011,20875
04/12/2011,20522
4/13/2011,20900
4/14/2011,20895
4/15/2011,20895
4/18/2011,20899
4/19/2011,20901
4/20/2011,20900
4/21/2011,20.89
4/22/2011,20900
4/25/2011,20790
4/26/2011,20680
4/27/2011,20660
4/28/2011,20550
4/29/2011,20475
05/02/2011,20374
05/03/2011,20480
05/04/2011,20388
05/05/2011,20342
05/06/2011,20550
05/09/2011,20540
05/10/2011,20530
05/11/2011,20550
05/12/2011,20293
5/13/2011,20500
5/16/2011,20361
5/17/2011,20431
5/18/2011,20675
5/19/2011,20655
5/20/2011,20675
5/23/2011,20650
5/24/2011,20351
5/25/2011,20550
5/26/2011,20500
5/27/2011,20490
5/30/2011,20278
5/31/2011,20270
06/01/2011,20500
06/02/2011,20475
06/03/2011,20500
06/06/2011,20313
06/07/2011,20500
06/08/2011,20550
06/09/2011,20500
06/10/2011,20500
6/13/2011,20500
6/14/2011,20293
6/15/2011,20283
6/16/2011,20351
6/17/2011,20675
6/20/2011,20600
6/21/2011,20600
6/22/2011,20560
6/23/2011,20555
6/24/2011,20316
6/27/2011,20520
6/28/2011,20550
6/29/2011,20540
6/30/2011,20250
07/01/2011,20555
07/04/2011,20326
07/05/2011,20550
07/06/2011,20540
07/07/2011,20530
07/08/2011,20535
07/11/2011,20530
07/12/2011,20540
7/13/2011,20545
7/14/2011,20540
7/15/2011,20545
7/18/2011,20540
7/19/2011,20535
7/20/2011,20525
7/21/2011,20530
7/22/2011,20530
7/25/2011,20525
7/26/2011,20530
7/27/2011,20545
7/28/2011,20540
7/29/2011,20540
08/01/2011,20333
08/02/2011,20249
08/03/2011,20284
08/04/2011,20464
08/05/2011,20302
08/08/2011,20328
08/09/2011,20533
08/10/2011,20533
08/11/2011,20556
08/12/2011,20556
8/15/2011,20330
8/16/2011,20481
8/17/2011,20532
8/18/2011,20539
8/19/2011,20800
8/22/2011,20780
8/23/2011,20785
8/24/2011,20800
8/25/2011,20790
8/26/2011,20760
8/29/2011,20800
8/30/2011,20795
8/31/2011,20800
09/01/2011,20800
09/02/2011,20805
09/05/2011,20555
09/06/2011,20810
09/07/2011,20805
09/08/2011,20800
09/09/2011,20805
09/12/2011,20800
9/13/2011,20532
9/14/2011,20800
9/15/2011,20805
9/16/2011,20800
9/19/2011,20537
9/20/2011,20790
9/21/2011,20800
9/22/2011,20517
9/23/2011,20590
9/26/2011,20815
9/27/2011,20810
9/28/2011,20810
9/29/2011,20541
9/30/2011,20815
10/03/2011,20805
10/04/2011,20266
10/05/2011,20810
10/06/2011,20815
10/07/2011,20810
10/10/2011,20566
10/11/2011,20514
10/12/2011,20810
10/13/2011,20805
10/14/2011,20870
10/17/2011,20885
10/18/2011,20880
10/19/2011,20920
10/20/2011,20682
10/21/2011,20920
10/24/2011,20925
10/25/2011,20940
10/26/2011,20651
10/27/2011,20965
10/28/2011,20980
10/31/2011,20729
11/01/2011,20731
11/02/2011,20720
11/03/2011,20697
11/04/2011,21000
11/07/2011,20990
11/08/2011,20990
11/09/2011,20730
11/10/2011,20985
11/11/2011,20980
11/14/2011,20723
11/15/2011,20707
11/16/2011,20702
11/17/2011,20745
11/18/2011,20741
11/21/2011,20716
11/22/2011,20726
11/23/2011,20709
11/24/2011,20720
11/25/2011,20698
11/28/2011,20801
11/29/2011,20769
11/30/2011,20985
12/01/2011,20739
12/02/2011,20985
12/05/2011,20980
12/06/2011,20975
12/07/2011,20975
12/08/2011,20970
12/09/2011,20975
12/12/2011,20827
12/13/2011,20920
12/14/2011,20980
12/15/2011,20985
12/16/2011,20980
12/19/2011,20990
12/20/2011,21000
12/21/2011,20710
12/22/2011,20990
12/23/2011,20995
12/26/2011,21033
12/27/2011,21000
12/28/2011,21000
12/29/2011,21000
12/30/2011,20995
01/02/2012,20728
01/03/2012,20726
01/04/2012,20718
01/05/2012,21000
01/06/2012,19205
01/09/2012,21005
01/10/2012,21000
01/11/2012,21005
01/12/2012,21010
1/13/2012,21005
1/16/2012,20699
1/17/2012,21005
1/18/2012,21010
1/19/2012,20493
1/20/2012,21005
1/23/2012,21015
1/24/2012,21010
1/25/2012,21000
1/26/2012,21005
1/27/2012,21010
1/30/2012,20633
1/31/2012,21020
02/01/2012,21010
02/02/2012,21010
02/03/2012,20940
02/06/2012,20905
02/07/2012,20880
02/08/2012,20671
02/09/2012,20910
02/10/2012,20895
2/13/2012,20825
2/14/2012,20815
2/15/2012,20800
2/16/2012,20527
2/17/2012,20805
2/20/2012,20576
2/21/2012,20800
2/22/2012,20805
2/23/2012,20790
2/24/2012,20539
2/27/2012,20800
2/28/2012,20800
2/29/2012,20805
03/01/2012,20800
03/02/2012,20810
03/05/2012,20808
03/06/2012,20805
03/07/2012,20785
03/08/2012,20805
03/09/2012,20800
03/12/2012,20810
3/13/2012,20820
3/14/2012,20805
3/15/2012,20805
3/16/2012,20805
3/19/2012,20810
3/20/2012,20805
3/21/2012,20805
3/22/2012,20805
3/23/2012,20822
3/26/2012,20820
3/27/2012,20810
3/28/2012,20810
3/29/2012,20780
3/30/2012,20785
04/02/2012,20780
04/03/2012,20785
04/04/2012,20785
04/05/2012,20800
04/06/2012,20805
04/09/2012,20800
04/10/2012,20800
04/11/2012,20810
04/12/2012,20800
4/13/2012,20810
4/16/2012,20800
4/17/2012,20800
4/18/2012,20805
4/19/2012,20805
4/20/2012,20810
4/23/2012,20805
4/24/2012,20800
4/25/2012,20810
4/26/2012,20601
4/27/2012,20815
4/30/2012,20815
05/01/2012,20810
05/02/2012,20815
05/03/2012,20805
05/04/2012,20810
05/07/2012,20800
05/08/2012,20539
05/09/2012,20805
05/10/2012,20805
05/11/2012,20810
5/14/2012,20805
5/15/2012,20810
5/16/2012,20810
5/17/2012,20540
5/18/2012,20800
5/21/2012,20810
5/22/2012,20656
5/23/2012,20658
5/24/2012,20604
5/25/2012,20638
5/28/2012,20614
5/29/2012,20608
5/30/2012,20654
5/31/2012,20605
06/01/2012,20362
06/04/2012,20502
06/05/2012,20599
06/06/2012,20561
06/07/2012,20740
06/08/2012,20940
06/11/2012,20822
06/12/2012,20585
6/13/2012,20584
6/14/2012,20542
6/15/2012,20910
6/18/2012,20925
6/19/2012,20521
6/20/2012,20598
6/21/2012,20809
6/22/2012,20910
6/25/2012,20890
6/26/2012,20606
6/27/2012,20890
6/28/2012,20850
6/29/2012,20449
07/02/2012,20640
07/03/2012,20820
07/04/2012,20629
07/05/2012,20768
07/06/2012,20713
07/09/2012,20532
07/10/2012,20652
07/11/2012,20629
07/12/2012,20522
7/13/2012,20830
7/16/2012,20388
7/17/2012,20820
7/18/2012,20445
7/19/2012,20825
7/20/2012,20647
7/23/2012,20805
7/24/2012,20599
7/25/2012,20810
7/26/2012,20820
7/27/2012,20820
7/30/2012,20550
7/31/2012,20830
08/01/2012,20672
08/02/2012,20686
08/03/2012,20375
08/06/2012,20462
08/07/2012,20572
08/08/2012,20527
08/09/2012,20820
08/10/2012,20496
8/13/2012,20536
8/14/2012,20679
8/15/2012,20522
8/16/2012,20391
8/17/2012,20571
8/20/2012,20480
8/21/2012,20480
8/22/2012,20406
8/23/2012,20555
8/24/2012,20558
8/27/2012,20592
8/28/2012,20520
8/29/2012,20590
8/30/2012,20597
8/31/2012,20533
09/03/2012,20492
09/04/2012,20570
09/05/2012,20451
09/06/2012,20507
09/07/2012,20331
09/10/2012,20597
09/11/2012,20448
09/12/2012,20567
9/13/2012,20430
9/14/2012,20513
9/17/2012,20558
9/18/2012,20574
9/19/2012,20497
9/20/2012,20548
9/21/2012,20594
9/24/2012,20521
9/25/2012,20550
9/26/2012,20549
9/27/2012,20494
9/28/2012,20679
10/01/2012,20840
10/02/2012,20576
10/03/2012,20580
10/04/2012,20470
10/05/2012,20840
10/08/2012,20554
10/09/2012,20639
10/10/2012,20539
10/11/2012,20527
10/12/2012,20566
10/15/2012,20565
10/16/2012,20422
10/17/2012,20553
10/18/2012,20608
10/19/2012,20806
10/22/2012,20554
10/23/2012,20800
10/24/2012,20810
10/25/2012,20634
10/26/2012,20462
10/29/2012,20529
10/30/2012,20506
10/31/2012,20623
11/01/2012,20577
11/02/2012,20613
11/05/2012,20525
11/06/2012,20530
11/07/2012,20800
11/08/2012,20527
11/09/2012,20530
11/12/2012,20539
11/13/2012,20557
11/14/2012,20546
11/15/2012,20815
11/16/2012,20534
11/19/2012,20542
11/20/2012,20536
11/21/2012,20500
11/22/2012,20545
11/23/2012,20439
11/26/2012,20495
11/27/2012,20815
11/28/2012,20438
11/29/2012,20558
11/30/2012,20573
12/03/2012,20775
12/04/2012,20524
12/05/2012,20790
12/06/2012,20692
12/07/2012,20805
12/10/2012,20480
12/11/2012,20524
12/12/2012,20459
12/13/2012,20511
12/14/2012,20422
12/17/2012,20524
12/18/2012,20465
12/19/2012,20655
12/20/2012,20810
12/21/2012,20805
12/24/2012,20601
12/25/2012,20604
12/26/2012,20805
12/27/2012,20570
12/28/2012,20478
12/31/2012,20515
01/01/2013,20496
01/02/2013,20637
01/03/2013,20805
01/04/2013,20432
01/07/2013,20399
01/08/2013,20600
01/09/2013,20523
01/10/2013,20263
01/11/2013,20408
1/14/2013,20810
1/15/2013,20615
1/16/2013,20800
1/17/2013,20522
1/18/2013,20603
1/21/2013,20537
1/22/2013,20800
1/23/2013,20800
1/24/2013,20470
1/25/2013,20494
1/28/2013,20525
1/29/2013,20461
1/30/2013,20510
1/31/2013,20501
02/01/2013,20543
02/04/2013,20606
02/05/2013,20495
02/06/2013,20546
02/07/2013,20801
02/08/2013,20621
02/11/2013,20518
02/12/2013,20528
2/13/2013,20617
2/14/2013,20488
2/15/2013,20493
2/18/2013,20527
2/19/2013,20795
2/20/2013,20710
2/21/2013,20582
2/22/2013,20553
2/25/2013,20904
2/26/2013,20605
2/27/2013,20596
2/28/2013,20748
03/01/2013,20619
03/04/2013,20469
03/05/2013,20659
03/06/2013,20752
03/07/2013,20491
03/08/2013,20798
03/11/2013,20564
03/12/2013,20607
3/13/2013,20711
3/14/2013,20490
3/15/2013,20615
3/18/2013,20627
3/19/2013,20766
3/20/2013,20598
3/21/2013,20669
3/22/2013,20567
3/25/2013,20856
3/26/2013,20624
3/27/2013,20608
3/28/2013,20895
3/29/2013,20609
04/01/2013,20905
04/02/2013,20640
04/03/2013,20900
04/04/2013,20411
04/05/2013,20621
04/08/2013,20632
04/09/2013,20527
04/10/2013,20890
04/11/2013,20583
04/12/2013,20477
4/15/2013,20644
4/16/2013,20501
4/17/2013,20747
4/18/2013,20714
4/19/2013,20905
4/22/2013,20577
4/23/2013,20890
4/24/2013,20623
4/25/2013,20706
4/26/2013,20490
4/29/2013,20512
4/30/2013,20393
05/01/2013,20576
05/02/2013,20799
05/03/2013,20642
05/06/2013,20890
05/07/2013,20895
05/08/2013,20582
05/09/2013,20822
05/10/2013,20635
5/13/2013,20643
5/14/2013,20687
5/15/2013,20596
5/16/2013,20596
5/17/2013,20711
5/20/2013,20845
5/21/2013,20558
5/22/2013,20674
5/23/2013,20617
5/24/2013,20704
5/27/2013,20703
5/28/2013,20805
5/29/2013,20685
5/30/2013,20850
5/31/2013,20699
06/03/2013,20604
06/04/2013,20706
06/05/2013,20865
06/06/2013,20501
06/07/2013,20765
06/10/2013,20850
06/11/2013,20665
06/12/2013,20631
6/13/2013,20673
6/14/2013,20663
6/17/2013,20698
6/18/2013,20714
6/19/2013,20894
6/20/2013,20691
6/21/2013,20876
6/24/2013,20705
6/25/2013,20807
6/26/2013,20745
6/27/2013,20680
6/28/2013,20992
07/01/2013,20836
07/02/2013,20958
07/03/2013,21155
07/04/2013,21072
07/05/2013,21015
07/08/2013,21.17
07/09/2013,21057
07/10/2013,20662
07/11/2013,20867
07/12/2013,20875
7/15/2013,21090
7/16/2013,21090
7/17/2013,21090
7/18/2013,21090
7/19/2013,21190
7/22/2013,21200
7/23/2013,21090
7/24/2013,21090
7/25/2013,21090
7/26/2013,21090
7/29/2013,21090
7/30/2013,21090
7/31/2013,21090
08/01/2013,21090
08/02/2013,21075
08/05/2013,21090
08/06/2013,21090
08/07/2013,21090
08/08/2013,21090
08/09/2013,21090
08/12/2013,21090
8/13/2013,21090
8/14/2013,21090
8/15/2013,21090
8/16/2013,21090
8/19/2013,21090
8/20/2013,21090
8/21/2013,21090
8/22/2013,21090
8/23/2013,21090
8/26/2013,21090
8/27/2013,21090
8/28/2013,21090
8/29/2013,21090
8/30/2013,21090
09/02/2013,21090
09/03/2013,21090
09/04/2013,21090
09/05/2013,21090
09/06/2013,20735
09/09/2013,21090
09/10/2013,21090
09/11/2013,21090
09/12/2013,21090
9/13/2013,21090
9/16/2013,21090
9/17/2013,21090
9/18/2013,21090
9/19/2013,21090
9/20/2013,21090
9/23/2013,21090
9/24/2013,21090
9/25/2013,21090
9/26/2013,21090
9/27/2013,21090
9/30/2013,21090
10/01/2013,21090
10/02/2013,21090
10/03/2013,21090
10/04/2013,21075
10/07/2013,21090
10/08/2013,21090
10/09/2013,21090
10/10/2013,21090
10/11/2013,21055
10/14/2013,21090
10/15/2013,21055
10/16/2013,21090
10/17/2013,21055
10/18/2013,21090
10/21/2013,21090
10/22/2013,21090
10/23/2013,21090
10/24/2013,21090
10/25/2013,21090
10/28/2013,21090
10/29/2013,21090
10/30/2013,21090
10/31/2013,21090
11/01/2013,21090
11/04/2013,21090
11/05/2013,21090
11/06/2013,21090
11/07/2013,21090
11/08/2013,21090
11/11/2013,21090
11/12/2013,21090
11/13/2013,21090
11/14/2013,21090
11/15/2013,20728
11/18/2013,21090
11/19/2013,21090
11/20/2013,21090
11/21/2013,21090
11/22/2013,21090
11/25/2013,21090
11/26/2013,21090
11/27/2013,21090
11/28/2013,21090
11/29/2013,21090
12/02/2013,21090
12/03/2013,21090
12/04/2013,21070
12/05/2013,21070
12/06/2013,21070
12/09/2013,21050
12/10/2013,21060
12/11/2013,21055
12/12/2013,21063
12/13/2013,21065
12/16/2013,21065
12/17/2013,21066
12/18/2013,21065
12/19/2013,21060
12/20/2013,21065
12/23/2013,21060
12/24/2013,21051
12/25/2013,21060
12/26/2013,21055
12/27/2013,21055
12/30/2013,21055
12/31/2013,21055
01/01/2014,20835
01/02/2014,21055
01/03/2014,21050
01/06/2014,21050
01/07/2014,21045
01/08/2014,21041
01/09/2014,21050
01/10/2014,21050
1/13/2014,21040
1/14/2014,21040
1/15/2014,21041
1/16/2014,21045
1/17/2014,21050
1/20/2014,20790
1/21/2014,21045
1/22/2014,21040
1/23/2014,21035
1/24/2014,21030
1/27/2014,21030
1/28/2014,21030
1/29/2014,21035
1/30/2014,21033
1/31/2014,21041
02/03/2014,21041
02/04/2014,21035
02/05/2014,21035
02/06/2014,21035
02/07/2014,21065
02/10/2014,21055
02/11/2014,21065
02/12/2014,21060
2/13/2014,20791
2/14/2014,21060
2/17/2014,20822
2/18/2014,21055
2/19/2014,21055
2/20/2014,21045
2/21/2014,21045
2/24/2014,21045
2/25/2014,21055
2/26/2014,21055
2/27/2014,21050
2/28/2014,21050
03/03/2014,21055
03/04/2014,21050
03/05/2014,21055
03/06/2014,21050
03/07/2014,21055
03/10/2014,21.06
03/11/2014,21055
03/12/2014,21050
3/13/2014,21055
3/14/2014,21050
3/17/2014,21045
3/18/2014,21045
3/19/2014,21040
3/20/2014,21040
3/21/2014,21038
3/24/2014,21050
3/25/2014,21045
3/26/2014,21040
3/27/2014,21040
3/28/2014,21045
3/31/2014,21048
04/01/2014,21040
04/02/2014,20805
04/03/2014,21040
04/04/2014,21045
04/07/2014,21045
04/08/2014,21045
04/09/2014,21045
04/10/2014,21045
04/11/2014,21040
4/14/2014,21040
4/15/2014,21047
4/16/2014,21047
4/17/2014,21075
4/18/2014,21040
4/21/2014,21040
4/22/2014,21045
4/23/2014,21063
4/24/2014,21075
4/25/2014,21077
4/28/2014,21061
4/29/2014,21061
4/30/2014,3210
05/01/2014,21050
05/02/2014,21
05/05/2014,21035
05/06/2014,21035
05/07/2014,21060
05/08/2014,21061
05/09/2014,21061
05/12/2014,21060
5/13/2014,21050
5/14/2014,21055
5/15/2014,21055
5/16/2014,21056
5/19/2014,21050
5/20/2014,21057
5/21/2014,21050
5/22/2014,21050
5/23/2014,21040
5/26/2014,20851
5/27/2014,21075
5/28/2014,21095
5/29/2014,21095
5/30/2014,21090
06/02/2014,21095
06/03/2014,21167
06/04/2014,21175
06/05/2014,21175
06/06/2014,21175
06/09/2014,21100
06/10/2014,21120
06/11/2014,21140
06/12/2014,21115
6/13/2014,21135
6/16/2014,21145
6/17/2014,21175
6/18/2014,21170
6/19/2014,21247
6/20/2014,21240
6/23/2014,21291
6/24/2014,21301
6/25/2014,21310
6/26/2014,21325
6/27/2014,21315
6/30/2014,21201
07/01/2014,21257
07/02/2014,21285
07/03/2014,21270
07/04/2014,20997
07/07/2014,21250
07/08/2014,21255
07/09/2014,21255
07/10/2014,21205
07/11/2014,21155
7/14/2014,21150
7/15/2014,21155
7/16/2014,21165
7/17/2014,21180
7/18/2014,21175
7/21/2014,21155
7/22/2014,21170
7/23/2014,21175
7/24/2014,21175
7/25/2014,21170
7/28/2014,21180
7/29/2014,21165
7/30/2014,21165
7/31/2014,3211
08/01/2014,21155
08/04/2014,21125
08/05/2014,21150
08/06/2014,20910
08/07/2014,20921
08/08/2014,20918
08/11/2014,20910
08/12/2014,20895
8/13/2014,20904
8/14/2014,20891
8/15/2014,20873
8/18/2014,20898
8/19/2014,20899
8/20/2014,20893
8/21/2014,20890
8/22/2014,20895
8/25/2014,20914
8/26/2014,20904
8/27/2014,20872
8/28/2014,20879
8/29/2014,20978
09/01/2014,20903
09/02/2014,20866
09/03/2014,20915
09/04/2014,21195
09/05/2014,20892
09/08/2014,21170
09/09/2014,20814
09/10/2014,20954
09/11/2014,20889
09/12/2014,20834
9/15/2014,20864
9/16/2014,20867
9/17/2014,21046
9/18/2014,20827
9/19/2014,20951
9/22/2014,20895
9/23/2014,20970
9/24/2014,21007
9/25/2014,20863
9/26/2014,21003
9/29/2014,20901
9/30/2014,20850
10/01/2014,20888
10/02/2014,20937
10/03/2014,21139
10/06/2014,20788
10/07/2014,20843
10/08/2014,20944
10/09/2014,21021
10/10/2014,20972
10/13/2014,20803
10/14/2014,20899
10/15/2014,20630
10/16/2014,20829
10/17/2014,20929
10/20/2014,20943
10/21/2014,21019
10/22/2014,20899
10/23/2014,20981
10/24/2014,20930
10/27/2014,20928
10/28/2014,20904
10/29/2014,21115
10/30/2014,20957
10/31/2014,21058
11/03/2014,21270
11/04/2014,20912
11/05/2014,20939
11/06/2014,21204
11/07/2014,20869
11/10/2014,21037
11/11/2014,20870
11/12/2014,21019
11/13/2014,20985
11/14/2014,20867
11/17/2014,21092
11/18/2014,21063
11/19/2014,21024
11/20/2014,21020
11/21/2014,21038
11/24/2014,20983
11/25/2014,21001
11/26/2014,20983
11/27/2014,21100
11/28/2014,21070
12/01/2014,21075
12/02/2014,21158
12/03/2014,21036
12/04/2014,21012
12/05/2014,21011
12/08/2014,21013
12/09/2014,21023
12/10/2014,21054
12/11/2014,21055
12/12/2014,21070
12/15/2014,21056
12/16/2014,21058
12/17/2014,21063
12/18/2014,21079
12/19/2014,21060
12/22/2014,21052
12/23/2014,21067
12/24/2014,21059
12/25/2014,21370
12/26/2014,21370
12/29/2014,21019
12/30/2014,21086
12/31/2014,21062
01/01/2015,21375
01/02/2015,21063
01/05/2015,21046
01/06/2015,21097
01/07/2015,21083
01/08/2015,21061
01/09/2015,21021
01/12/2015,21020
1/13/2015,21005
1/14/2015,20991
1/15/2015,21007
1/16/2015,20988
1/19/2015,20993
1/20/2015,21004
1/21/2015,21036
1/22/2015,21009
1/23/2015,20922
1/26/2015,20982
1/27/2015,20981
1/28/2015,20988
1/29/2015,20996
1/30/2015,21074
02/02/2015,20991
02/03/2015,20973
02/04/2015,21058
02/05/2015,20979
02/06/2015,20978
02/09/2015,20961
02/10/2015,20970
02/11/2015,20968
02/12/2015,20943
2/13/2015,20986
2/16/2015,20979
2/17/2015,21300
2/18/2015,20972
2/19/2015,20987
2/20/2015,20957
2/23/2015,20975
2/24/2015,20978
2/25/2015,21011
2/26/2015,21018
2/27/2015,20984
03/02/2015,20989
03/03/2015,20987
03/04/2015,21004
03/05/2015,20994
03/06/2015,20968
03/09/2015,20982
03/10/2015,20978
03/11/2015,20974
03/12/2015,20996
3/13/2015,21003
3/16/2015,21089
3/17/2015,21066
3/18/2015,21113
3/19/2015,21142
3/20/2015,21078
3/23/2015,21149
3/24/2015,21168
3/25/2015,21475
3/26/2015,21144
3/27/2015,21154
3/30/2015,21161
3/31/2015,21186
04/01/2015,21188
04/02/2015,21115
04/03/2015,21575
04/06/2015,21565
04/07/2015,21229
04/08/2015,21241
04/09/2015,21220
04/10/2015,21217
4/13/2015,21221
4/14/2015,21228
4/15/2015,21217
4/16/2015,21121
4/17/2015,21234
4/20/2015,21196
4/21/2015,21555
4/22/2015,21555
4/23/2015,21550
4/24/2015,21565
4/27/2015,21570
4/28/2015,21575
4/29/2015,21575
4/30/2015,21575
05/01/2015,21575
05/04/2015,21595
05/05/2015,21610
05/06/2015,21620
05/07/2015,21645
05/08/2015,21650
05/11/2015,21660
05/12/2015,21680
5/13/2015,21700
5/14/2015,21735
5/15/2015,21700
5/18/2015,21765
5/19/2015,21770
5/20/2015,21790
5/21/2015,21785
5/22/2015,21770
5/25/2015,21795
5/26/2015,21800
5/27/2015,21780
5/28/2015,21785
5/29/2015,21785
06/01/2015,21790
06/02/2015,21790
06/03/2015,21790
06/04/2015,21790
06/05/2015,21785
06/08/2015,21790
06/09/2015,21790
06/10/2015,21775
06/11/2015,21770
06/12/2015,21770
6/15/2015,21775
6/16/2015,21775
6/17/2015,21785
6/18/2015,21785
6/19/2015,21780
6/22/2015,21780
6/23/2015,21780
6/24/2015,21790
6/25/2015,21780
6/26/2015,21790
6/29/2015,21790
6/30/2015,21785
07/01/2015,21780
07/02/2015,21780
07/03/2015,21780
07/06/2015,21785
07/07/2015,21474
07/08/2015,21443
07/09/2015,21440
07/10/2015,21428
7/13/2015,21420
7/14/2015,21431
7/15/2015,21445
7/16/2015,21436
7/17/2015,21443
7/20/2015,21424
7/21/2015,21449
7/22/2015,21456
7/23/2015,21453
7/24/2015,21457
7/27/2015,21443
7/28/2015,21450
7/29/2015,21476
7/30/2015,21449
7/31/2015,21465
08/03/2015,21451
08/04/2015,21445
08/05/2015,21371
08/06/2015,21452
08/07/2015,21445
08/10/2015,21444
08/11/2015,21469
08/12/2015,21663
8/13/2015,21722
8/14/2015,21859
8/17/2015,21740
8/18/2015,21734
8/19/2015,21858
8/20/2015,22051
8/21/2015,22155
8/24/2015,22184
8/25/2015,22175
8/26/2015,22192
8/27/2015,22123
8/28/2015,22107
8/31/2015,22129
09/01/2015,22146
09/02/2015,22150
09/03/2015,22332
09/04/2015,22115
09/07/2015,22111
09/08/2015,22113
09/09/2015,22117
09/10/2015,22128
09/11/2015,22123
9/14/2015,22146
9/15/2015,22147
9/16/2015,22150
9/17/2015,22152
9/18/2015,22116
9/21/2015,22118
9/22/2015,22112
9/23/2015,22123
9/24/2015,22125
9/25/2015,22145
9/28/2015,22122
9/29/2015,22135
9/30/2015,22105
10/01/2015,22112
10/02/2015,22123
10/05/2015,22118
10/06/2015,21996
10/07/2015,22048
10/08/2015,21855
10/09/2015,21871
10/12/2015,21996
10/13/2015,22048
10/14/2015,22033
10/15/2015,21980
10/16/2015,21907
10/19/2015,21948
10/20/2015,21987
10/21/2015,21964
10/22/2015,22393
10/23/2015,21963
10/26/2015,21969
10/27/2015,21961
10/28/2015,21970
10/29/2015,21973
10/30/2015,21961
11/02/2015,21948
11/03/2015,21948
11/04/2015,21933
11/05/2015,21968
11/06/2015,21991
11/09/2015,22112
11/10/2015,22031
11/11/2015,21955
11/12/2015,21832
11/13/2015,22048
11/16/2015,22081
11/17/2015,22141
11/18/2015,22076
11/19/2015,22100
11/20/2015,22167
11/23/2015,22088
11/24/2015,22112
11/25/2015,22060
11/26/2015,22130
11/27/2015,22080
11/30/2015,22121
12/01/2015,22052
12/02/2015,22098
12/03/2015,21343
12/04/2015,22124
12/07/2015,22049
12/08/2015,22025
12/09/2015,21917
12/10/2015,22055
12/11/2015,22091
12/14/2015,22112
12/15/2015,22343
12/16/2015,22197
12/17/2015,22197
12/18/2015,22108
12/21/2015,22078
12/22/2015,22157
12/23/2015,22212
12/24/2015,22132
12/25/2015,22106
12/28/2015,22152
12/29/2015,22213
12/30/2015,22095
12/31/2015,22185
01/01/2016,22180
01/04/2016,22320
01/05/2016,22141
01/06/2016,22034
01/07/2016,22014
01/08/2016,22002
01/11/2016,22162
01/12/2016,22058
1/13/2016,21937
1/14/2016,22083
1/15/2016,22027
1/18/2016,22038
1/19/2016,21961
1/20/2016,22090
1/21/2016,22112
1/22/2016,22094
1/25/2016,21945
1/26/2016,21878
1/27/2016,21889
1/28/2016,21833
1/29/2016,22032
02/01/2016,21874
02/02/2016,21928
02/03/2016,21611
02/04/2016,21920
02/05/2016,21949
02/08/2016,21923
02/09/2016,21771
02/10/2016,21926
02/11/2016,21968
02/12/2016,21963
2/15/2016,22007
2/16/2016,22007
2/17/2016,22084
2/18/2016,21995
2/19/2016,21942
2/22/2016,22036
2/23/2016,22011
2/24/2016,21897
2/25/2016,21965
2/26/2016,22140
2/29/2016,21941
03/01/2016,21951
03/02/2016,21947
03/03/2016,21787
03/04/2016,21883
03/07/2016,21919
03/08/2016,21949
03/09/2016,21933
03/10/2016,21923
03/11/2016,21844
3/14/2016,21944
3/15/2016,21915
3/16/2016,21699
3/17/2016,21957
3/18/2016,21950
3/21/2016,21944
3/22/2016,21939
3/23/2016,22027
3/24/2016,21971
3/25/2016,22270
3/28/2016,22270
3/29/2016,21933
3/30/2016,21919
3/31/2016,21934
04/01/2016,21950
04/04/2016,21940
04/05/2016,21947
04/06/2016,21858
04/07/2016,21946
04/08/2016,21947
04/11/2016,21942
04/12/2016,21955
4/13/2016,21943
4/14/2016,21948
4/15/2016,21933
4/18/2016,21978
4/19/2016,21946
4/20/2016,21939
4/21/2016,21974
4/22/2016,21920
4/25/2016,21941
4/26/2016,21942
4/27/2016,21914
4/28/2016,21953
4/29/2016,21937
05/02/2016,21947
05/03/2016,22091
05/04/2016,22255
05/05/2016,21976
05/06/2016,21936
05/09/2016,21949
05/10/2016,21933
05/11/2016,21934
05/12/2016,21941
5/13/2016,21955
5/16/2016,22031
5/17/2016,21951
5/18/2016,21934
5/19/2016,21953
5/20/2016,21963
5/23/2016,21956
5/24/2016,21970
5/25/2016,21994
5/26/2016,22022
5/27/2016,22032
5/30/2016,22057
5/31/2016,22020
06/01/2016,22081
06/02/2016,22178
06/03/2016,22051
06/06/2016,22013
06/07/2016,21992
06/08/2016,21964
06/09/2016,22000
06/10/2016,21969
6/13/2016,21957
6/14/2016,21940
6/15/2016,21882
6/16/2016,22000
6/17/2016,21918
6/20/2016,21971
6/21/2016,22090
6/22/2016,21840
6/23/2016,21984
6/24/2016,21830
6/27/2016,21970
6/28/2016,21991
6/29/2016,21885
6/30/2016,22028
07/01/2016,21911
07/04/2016,21891
07/05/2016,22114
07/06/2016,21882
07/07/2016,21974
07/08/2016,21965
07/11/2016,21913
07/12/2016,22000
7/13/2016,21922
7/14/2016,21914
7/15/2016,22152
7/18/2016,21885
7/19/2016,22018
7/20/2016,21933
7/21/2016,21923
7/22/2016,22023
7/25/2016,21931
7/26/2016,21974
7/27/2016,21821
7/28/2016,21957
7/29/2016,21816
08/01/2016,21943
08/02/2016,21895
08/03/2016,22044
08/04/2016,21942
08/05/2016,22058
08/08/2016,21934
08/09/2016,21882
08/10/2016,21924
08/11/2016,21964
08/12/2016,21922
8/15/2016,21913
8/16/2016,21951
8/17/2016,21940
8/18/2016,21896
8/19/2016,21949
8/22/2016,21891
8/23/2016,22008
8/24/2016,21977
8/25/2016,21960
8/26/2016,22134
8/29/2016,21934
8/30/2016,21989
8/31/2016,21917
09/01/2016,21852
09/02/2016,21991
09/05/2016,21973
09/06/2016,21779
09/07/2016,21963
09/08/2016,21998
09/09/2016,22004
09/12/2016,21916
9/13/2016,21975
9/14/2016,21902
9/15/2016,21940
9/16/2016,22092
9/19/2016,21920
9/20/2016,22020
9/21/2016,21878
9/22/2016,22003
9/23/2016,21950
9/26/2016,21940
9/27/2016,22018
9/28/2016,21956
9/29/2016,21945
9/30/2016,21797
10/03/2016,22004
10/04/2016,21888
10/05/2016,21983
10/06/2016,22026
10/07/2016,21829
10/10/2016,21994
10/11/2016,22000
10/12/2016,21954
10/13/2016,21891
10/14/2016,22025
10/17/2016,21926
10/18/2016,22006
10/19/2016,21966
10/20/2016,22038
10/21/2016,21967
10/24/2016,21986
10/25/2016,21953
10/26/2016,21995
10/27/2016,22022
10/28/2016,21820
10/31/2016,21916
11/01/2016,21899
11/02/2016,21962
11/03/2016,21900
11/04/2016,21895
11/07/2016,22008
11/08/2016,22027
11/09/2016,22316
11/10/2016,21984
11/11/2016,21997
11/14/2016,22066
11/15/2016,22067
11/16/2016,22381
11/17/2016,22272
11/18/2016,22215
11/21/2016,22191
11/22/2016,22177
11/23/2016,22415
11/24/2016,22407
11/25/2016,22355
11/28/2016,22311
11/29/2016,22188
11/30/2016,22291
12/01/2016,22223
12/02/2016,22283
12/05/2016,22205
12/06/2016,22389
12/07/2016,22261
12/08/2016,22627
12/09/2016,22250
12/12/2016,22187
12/13/2016,22239
12/14/2016,22587
12/15/2016,22354
12/16/2016,22745
12/19/2016,22438
12/20/2016,22350
12/21/2016,22340
12/22/2016,22402
12/23/2016,22378
12/26/2016,22366
12/27/2016,22364
12/28/2016,22392
12/29/2016,22318
12/30/2016,22468
01/02/2017,22411
01/03/2017,22338
01/04/2017,22222
01/05/2017,22062
01/06/2017,22297
01/09/2017,22077
01/10/2017,22237
01/11/2017,22059
01/12/2017,22265
1/13/2017,22202
1/16/2017,22174
1/17/2017,22195
1/18/2017,22309
1/19/2017,22196
1/20/2017,22084
1/23/2017,22100
1/24/2017,22229
1/25/2017,22227
1/26/2017,22327
1/27/2017,22210
1/30/2017,22139
1/31/2017,22132
02/01/2017,22298
02/02/2017,22640
02/03/2017,22137
02/06/2017,22196
02/07/2017,22210
02/08/2017,22183
02/09/2017,22347
02/10/2017,22266
2/13/2017,22398
2/14/2017,22478
2/15/2017,22319
2/16/2017,22305
2/17/2017,22483
2/20/2017,22464
2/21/2017,22469
2/22/2017,22334
2/23/2017,22830
2/24/2017,22815
2/27/2017,22777
2/28/2017,22760
03/01/2017,22391
03/02/2017,22474
03/03/2017,22840
03/06/2017,22800
03/07/2017,22448
03/08/2017,22461
03/09/2017,22390
03/10/2017,22281
3/13/2017,22458
3/14/2017,22483
3/15/2017,22224
3/16/2017,22310
3/17/2017,22404
3/20/2017,22447
3/21/2017,22419
3/22/2017,22390
3/23/2017,22429
3/24/2017,22432
3/27/2017,22408
3/28/2017,22490
3/29/2017,22447
3/30/2017,22524
3/31/2017,22435
04/03/2017,22329
04/04/2017,22249
04/05/2017,22320
04/06/2017,22357
04/07/2017,22655
04/10/2017,22650
04/11/2017,22653
04/12/2017,22670
4/13/2017,22645
4/14/2017,22355
4/17/2017,22285
4/18/2017,22232
4/19/2017,22398
4/20/2017,22439
4/21/2017,22292
4/24/2017,22332
4/25/2017,22300
4/26/2017,22350
4/27/2017,22417
4/28/2017,22465
05/01/2017,22453
05/02/2017,22360
05/03/2017,22426
05/04/2017,22280
05/05/2017,22286
05/08/2017,22422
05/09/2017,22415
05/10/2017,22375
05/11/2017,22376
05/12/2017,22210
5/15/2017,22302
5/16/2017,22240
5/17/2017,22216
5/18/2017,22404
5/19/2017,22257
5/22/2017,22325
5/23/2017,22447
5/24/2017,22269
5/25/2017,22349
5/26/2017,22451
5/29/2017,22424
5/30/2017,22290
5/31/2017,22304
06/01/2017,22380
06/02/2017,22227
06/05/2017,22335
06/06/2017,22311
06/07/2017,22252
06/08/2017,22396
06/09/2017,22301
06/12/2017,22361
6/13/2017,22332
6/14/2017,22352
6/15/2017,22345
6/16/2017,22339
6/19/2017,22481
6/20/2017,22406
6/21/2017,22329
6/22/2017,22395
6/23/2017,22312
6/26/2017,22369
6/27/2017,22236
6/28/2017,22355
6/29/2017,22318
6/30/2017,22338
07/03/2017,22411
07/04/2017,22392
07/05/2017,22331
07/06/2017,22730
07/07/2017,22744
07/10/2017,22390
07/11/2017,22246
07/12/2017,22463
7/13/2017,22357
7/14/2017,22274
7/17/2017,22344
7/18/2017,22387
7/19/2017,22400
7/20/2017,22142
7/21/2017,22356
7/24/2017,22401
7/25/2017,22397
7/26/2017,22194
7/27/2017,22440
7/28/2017,22307
7/31/2017,22181
08/01/2017,22400
08/02/2017,22346
08/03/2017,22330
08/04/2017,22582
08/07/2017,22399
08/08/2017,22517
08/09/2017,22345
08/10/2017,22302
08/11/2017,22271
8/14/2017,22423
8/15/2017,22411
8/16/2017,22252
8/17/2017,22336
8/18/2017,22366
8/21/2017,22284
8/22/2017,22371
8/23/2017,22342
8/24/2017,22386
8/25/2017,22196
8/28/2017,22323
8/29/2017,22528
8/30/2017,22502
8/31/2017,22290
09/01/2017,22495
09/04/2017,22415
09/05/2017,22366
09/06/2017,22406
09/07/2017,22326
09/08/2017,22458
09/11/2017,22500
09/12/2017,22343
9/13/2017,22575
9/14/2017,22362
9/15/2017,22398
9/18/2017,22398
9/19/2017,22386
9/20/2017,22612
9/21/2017,22329
9/22/2017,22433
9/25/2017,22452
9/26/2017,22389
9/27/2017,22398
9/28/2017,22378
9/29/2017,22523
10/02/2017,22413
10/03/2017,22421
10/04/2017,22421
10/05/2017,22451
10/06/2017,22343
10/09/2017,22395
10/10/2017,22331
10/11/2017,22311
10/12/2017,22426
10/13/2017,22392
10/16/2017,22385
10/17/2017,22365
10/18/2017,22303
10/19/2017,22340
10/20/2017,22422
10/23/2017,22372
10/24/2017,22372
10/25/2017,22314
10/26/2017,22688
10/27/2017,22407
10/30/2017,22350
10/31/2017,22351
11/01/2017,22409
11/02/2017,22358
11/03/2017,22447
11/06/2017,22330
11/07/2017,22331
11/08/2017,22372
11/09/2017,22367
11/10/2017,22321
11/13/2017,22340
11/14/2017,22229
11/15/2017,22509
11/16/2017,22358
11/17/2017,22378
11/20/2017,22452
11/21/2017,22350
11/22/2017,22245
11/23/2017,22385
11/24/2017,22248
11/27/2017,22454
11/28/2017,22455
11/29/2017,22367
11/30/2017,22275
12/01/2017,22382
12/04/2017,22361
12/05/2017,22454
12/06/2017,22393
12/07/2017,22395
12/08/2017,22301
12/11/2017,22407
12/12/2017,22441
12/13/2017,22208
12/14/2017,22476
12/15/2017,22473
12/18/2017,22395
12/19/2017,22319
12/20/2017,22306
12/21/2017,22370
12/22/2017,22355
12/25/2017,22335
12/26/2017,22363
12/27/2017,22366
12/28/2017,22370
12/29/2017,22343
01/01/2018,22325
01/02/2018,22384
01/03/2018,22378
01/04/2018,22365
01/05/2018,22419
01/08/2018,22410
01/09/2018,22358
01/10/2018,22482
01/11/2018,22202
01/12/2018,22236
1/15/2018,22365
1/16/2018,22299
1/17/2018,22424
1/18/2018,22385
1/19/2018,22475
1/22/2018,22675
1/23/2018,22675.5
1/24/2018,22675.5
1/25/2018,22678.4
1/26/2018,22676
1/29/2018,22666
1/30/2018,22676.1
1/31/2018,22661.8
02/01/2018,22674.8
02/02/2018,22675.8
02/05/2018,22674.5
02/06/2018,22675.5
02/07/2018,22665.1
02/08/2018,22660
02/09/2018,22667.4
02/12/2018,22671.3
2/13/2018,22678
2/14/2018,22678.5
2/15/2018,22678.5
2/16/2018,22672.5
2/19/2018,22844
2/20/2018,22662
2/21/2018,22682.6
2/22/2018,22687.6
2/23/2018,22705.5
2/26/2018,22711.5
2/27/2018,22709.3
2/28/2018,22718.8
03/01/2018,22722.5
03/02/2018,22715
03/05/2018,22725
03/06/2018,22730
03/07/2018,22735
03/08/2018,22722.5
03/09/2018,22725
03/12/2018,22723.5
3/13/2018,22727.5
3/14/2018,22731.5
3/15/2018,22735
3/16/2018,22744.4
3/19/2018,22713.3
3/20/2018,22739.5
3/21/2018,22734.8
3/22/2018,22738
3/23/2018,22770
3/26/2018,22757
3/27/2018,22780.5
3/28/2018,22784
3/29/2018,22777.9
3/30/2018,22759
04/02/2018,22505
04/03/2018,22775
04/04/2018,22775
04/05/2018,22780.5
04/06/2018,22778
04/09/2018,22767.5
04/10/2018,22374
04/11/2018,22757.5
04/12/2018,22755.5
4/13/2018,22753.5
4/16/2018,22751.5
4/17/2018,22742.5
4/18/2018,22737.5
4/19/2018,22739
4/20/2018,22744
4/23/2018,22428
4/24/2018,22736
4/25/2018,22734
4/26/2018,22734
4/27/2018,22732
4/30/2018,22728.5
05/01/2018,22728.5
05/02/2018,22494
05/03/2018,22726
05/04/2018,22727.5
05/07/2018,22416
05/08/2018,22733.5
05/09/2018,22737.5
05/10/2018,22742
05/11/2018,22458
5/14/2018,22398
5/15/2018,22732.5
5/16/2018,22735.5
5/17/2018,22737.5
5/18/2018,22740
5/21/2018,22428
5/22/2018,22736.5
5/23/2018,22734.5
5/24/2018,22739
5/25/2018,22743
5/28/2018,22746
5/29/2018,22779.5
5/30/2018,22802.5
5/31/2018,22820
06/01/2018,22771
06/04/2018,22533
06/05/2018,22532
06/06/2018,22794.5
06/07/2018,22773.5
06/08/2018,22767
06/11/2018,22366
06/12/2018,22780.5
6/13/2018,22778.5
6/14/2018,22777.5
6/15/2018,22778
6/18/2018,22781
6/19/2018,22801
6/20/2018,22818.5
6/21/2018,22832.5
6/22/2018,22842
6/25/2018,22840
6/26/2018,22865
6/27/2018,22886
6/28/2018,22901.5
6/29/2018,22906
07/02/2018,22923.5
07/03/2018,22919.5
07/04/2018,23011
07/05/2018,23004
07/06/2018,23006.5
07/09/2018,22602.4
07/10/2018,23005
07/11/2018,23004.5
07/12/2018,23009
7/13/2018,23013
7/16/2018,23010
7/17/2018,23012.4
7/18/2018,23006.8
7/19/2018,23016.2
7/20/2018,23017
7/23/2018,22555.7
7/24/2018,23018
7/25/2018,23216
7/26/2018,23182.5
7/27/2018,23145
7/30/2018,23197.5
7/31/2018,23222.5
08/01/2018,23248
08/02/2018,23256.5
08/03/2018,23247.5
08/06/2018,23271
08/07/2018,23272.5
08/08/2018,23268
08/09/2018,23249
08/10/2018,23242.5
8/13/2018,23242
8/14/2018,23280
8/15/2018,23280
8/16/2018,23277.5
8/17/2018,23278
8/20/2018,23259
8/21/2018,23238
8/22/2018,23234
8/23/2018,23240
8/24/2018,23247
8/27/2018,22872.4
8/28/2018,23259
8/29/2018,23261.5
8/30/2018,23266
8/31/2018,23268
09/03/2018,23279
09/04/2018,23271
09/05/2018,23289.9
09/06/2018,23279
09/07/2018,23279.5
09/10/2018,23291.5
09/11/2018,23267.5
09/12/2018,23249.2
9/13/2018,23245.4
9/14/2018,23242
9/17/2018,23213.5
9/18/2018,23256.5
9/19/2018,23246.5
9/20/2018,23272.5
9/21/2018,23287.5
9/24/2018,22978.9
9/25/2018,23024.7
9/26/2018,23310.5
9/27/2018,23313.5
9/28/2018,23312.5
10/01/2018,23292.5
10/02/2018,23296
10/03/2018,23292.5
10/04/2018,23307.5
10/05/2018,23311.5
10/08/2018,22910.4
10/09/2018,23317.5
10/10/2018,23321.5
10/11/2018,23316
10/12/2018,23311
10/15/2018,23310.5
10/16/2018,23297.5
10/17/2018,23304
10/18/2018,23310
10/19/2018,23312.5
10/22/2018,23311.8
10/23/2018,23313.5
10/24/2018,23313.5
10/25/2018,23321.6
10/26/2018,23320
10/29/2018,22898.6
10/30/2018,23310.5
10/31/2018,23310
11/01/2018,23311.1
11/02/2018,23308.4
11/05/2018,23307
11/06/2018,23300
11/07/2018,23291
11/08/2018,23295
11/09/2018,23289.2
11/12/2018,23260
11/13/2018,23267.5
11/14/2018,23280
11/15/2018,23278.6
11/16/2018,23274
11/19/2018,22771.3
11/20/2018,23276.5
11/21/2018,23302
11/22/2018,23318
11/23/2018,23318
11/26/2018,23021.4
11/27/2018,23306
11/28/2018,23312.5
11/29/2018,23301
11/30/2018,23292.5
12/03/2018,23074.9
12/04/2018,23267.5
12/05/2018,23257.5
12/06/2018,23270
12/07/2018,23297.5
12/10/2018,23277.5
12/11/2018,23271
12/12/2018,23270
12/13/2018,23268.1
12/14/2018,23255
12/17/2018,23253
12/18/2018,23284
12/19/2018,23285.5
12/20/2018,23278.5
12/21/2018,23267.5
12/24/2018,23248.5
12/25/2018,22939.9
12/26/2018,23243.5
12/27/2018,23243
12/28/2018,23187.5
12/31/2018,23194
01/01/2019,23160
01/02/2019,23194
01/03/2019,23194
01/04/2019,23194
01/07/2019,23194
01/08/2019,23194
01/09/2019,23194
01/10/2019,23194
01/11/2019,23194
1/14/2019,23194
1/15/2019,23194
1/16/2019,23194
1/17/2019,23194
1/18/2019,23194
1/21/2019,23194
1/22/2019,23194
1/23/2019,23194
1/24/2019,23194
1/25/2019,23194
1/28/2019,22733.2
1/29/2019,23194
1/30/2019,23194
1/31/2019,23194
02/01/2019,23203
02/04/2019,23203
02/05/2019,23203
02/06/2019,23203
02/07/2019,23203
02/08/2019,23203
02/11/2019,22862.7
02/12/2019,23203
2/13/2019,23203
2/14/2019,23203
2/15/2019,23203
2/18/2019,23203
2/19/2019,23203
2/20/2019,23203
2/21/2019,23203
2/22/2019,23203
2/25/2019,22851.5
2/26/2019,23203
2/27/2019,23203
2/28/2019,23198
03/01/2019,23198
03/04/2019,23198
03/05/2019,23198
03/06/2019,23198
03/07/2019,23198
03/08/2019,23198
03/11/2019,22793.7
03/12/2019,23198
3/13/2019,23198
3/14/2019,23198
3/15/2019,23198
3/18/2019,23198
3/19/2019,23198
3/20/2019,23198
3/21/2019,23198
3/22/2019,23198
3/25/2019,22803.8
3/26/2019,23198
3/27/2019,23198
3/28/2019,23198
3/29/2019,23198
04/01/2019,23198
04/02/2019,23198
04/03/2019,23198
04/04/2019,23198
04/05/2019,23198
04/08/2019,23198
04/09/2019,23198
04/10/2019,23198
04/11/2019,23198
04/12/2019,23198
4/15/2019,22833.2
4/16/2019,23164.5
4/17/2019,23167.5
4/18/2019,23163.5
4/19/2019,23168.5
4/22/2019,23177.5
4/23/2019,22868.4
4/24/2019,23182.5
4/25/2019,23182.8
4/26/2019,23185
4/29/2019,22876.3
4/30/2019,23254.9
05/01/2019,23255
05/02/2019,23243.8
05/03/2019,23235
05/06/2019,23217.5
05/07/2019,23246.5
05/08/2019,23260
05/09/2019,23332.5
05/10/2019,23365
5/13/2019,23312.5
5/14/2019,23294
5/15/2019,23345
5/16/2019,23290
5/17/2019,23272.7
5/20/2019,23357.5
5/21/2019,23372.5
5/23/2019,23048.6
5/24/2019,23354
5/27/2019,22990.2
5/28/2019,23355
5/29/2019,23087.2
5/30/2019,23367.5
5/31/2019,23382.7
06/03/2019,22945.9
06/04/2019,23359.5
06/05/2019,23362.5
06/06/2019,23375
06/07/2019,23368
06/10/2019,23362
06/11/2019,23330
06/12/2019,23330
6/13/2019,23285.5
6/14/2019,23285
6/17/2019,23034.5
6/18/2019,23315
6/19/2019,23301
6/20/2019,23300
6/21/2019,23265
6/24/2019,22876.5
6/25/2019,23262.5
6/26/2019,23272.6
6/27/2019,23270
6/28/2019,23280
07/01/2019,23275
07/02/2019,22997.6
07/03/2019,22901.3
07/04/2019,23215
07/05/2019,23215
07/08/2019,23202.5
07/09/2019,23202.5
07/10/2019,23202.5
07/11/2019,23202.5
07/12/2019,23202.5
7/15/2019,23202.5
7/16/2019,23166.5
7/17/2019,23166
7/18/2019,23167.5
7/19/2019,23179.8
7/22/2019,22901.1
7/23/2019,23192.5
7/24/2019,23175
7/25/2019,23175
7/26/2019,23175.1
7/29/2019,23176.5
7/30/2019,23207
7/31/2019,23207
08/01/2019,23207
08/02/2019,23207
08/05/2019,23207
08/06/2019,23207
08/07/2019,23207
08/08/2019,23207
08/09/2019,23207
08/12/2019,23207
8/13/2019,23207
8/14/2019,23207
8/15/2019,23207
8/16/2019,23207
8/19/2019,23207
8/20/2019,23207
8/21/2019,23207
8/22/2019,23207
8/23/2019,23207
8/26/2019,22459.9
8/27/2019,23207
8/28/2019,23207
8/29/2019,23207
8/30/2019,23207
09/02/2019,23207
09/03/2019,23207
09/04/2019,23207
09/05/2019,23207
09/06/2019,23207
09/09/2019,22626.5
09/10/2019,23207
09/11/2019,23207
09/12/2019,23207
9/13/2019,23207
9/16/2019,23207
9/17/2019,23207
9/18/2019,23207
9/19/2019,23207
9/20/2019,23207
9/23/2019,23207
9/24/2019,23207
9/25/2019,23207
9/26/2019,23207
9/27/2019,23207
9/30/2019,22835.1
10/01/2019,23207
10/02/2019,22764.9
10/03/2019,22756
10/04/2019,23207
10/07/2019,22855.2
10/08/2019,23207
10/09/2019,23207
10/10/2019,23207
10/11/2019,23207
10/14/2019,22842.77
10/15/2019,23207
10/16/2019,23207
10/17/2019,23207
10/18/2019,23207
10/21/2019,23207
10/22/2019,23207
10/23/2019,23207
10/24/2019,23207
10/25/2019,23207
10/28/2019,23207
10/29/2019,23207
10/30/2019,23207
10/31/2019,23207
11/01/2019,23207
11/04/2019,23207
11/05/2019,23207
11/06/2019,23207
11/07/2019,23207
11/08/2019,23207
11/11/2019,23207
11/12/2019,23207
11/13/2019,23207
11/14/2019,23207
11/15/2019,23207
11/18/2019,22802.75
11/19/2019,23207
11/20/2019,23207
11/21/2019,23207
11/22/2019,23207
11/25/2019,23207
11/26/2019,23207
11/27/2019,23207
11/28/2019,23207
11/29/2019,23207
12/02/2019,22771.52
12/03/2019,23207
12/04/2019,23207
12/05/2019,23171
12/06/2019,23171
12/09/2019,23171
12/10/2019,23171
12/11/2019,23171
12/12/2019,23171
12/13/2019,23171
12/16/2019,23171
12/17/2019,23171
12/18/2019,23171
12/19/2019,23171
12/20/2019,23171
12/23/2019,23171
12/24/2019,23171
12/25/2019,23171
12/26/2019,23171
12/27/2019,23171
12/30/2019,23171
12/31/2019,23171
01/01/2020,23171
01/02/2020,23171
01/03/2020,23171
01/06/2020,23171
01/07/2020,23171
01/08/2020,23171
01/09/2020,23171
01/10/2020,23171
1/13/2020,22761.69
1/14/2020,23171
1/15/2020,23171
1/16/2020,23171
1/17/2020,23171
1/20/2020,23171
1/21/2020,23171
1/22/2020,23171
1/23/2020,23171
1/24/2020,23171
1/27/2020,23171
1/28/2020,23171
1/29/2020,23171
1/30/2020,23171
1/31/2020,23182
02/03/2020,23182
02/04/2020,23182
02/05/2020,23237
02/06/2020,23237
02/07/2020,23237
02/10/2020,23237
02/11/2020,23237
02/12/2020,23237
2/13/2020,23237
2/14/2020,23237
2/17/2020,23237
2/18/2020,23237
2/19/2020,23235
2/20/2020,23235
2/21/2020,23235
2/24/2020,23235
2/25/2020,23235
2/26/2020,23235
2/27/2020,23240
2/28/2020,23240
03/02/2020,23234
03/03/2020,23234
03/04/2020,23234
03/05/2020,23204
03/06/2020,23204
03/09/2020,23204
03/10/2020,23204
03/11/2020,23204
03/12/2020,23204
3/13/2020,23204
3/16/2020,23204
3/17/2020,23204
3/18/2020,23244
3/19/2020,23244
3/20/2020,23244
3/23/2020,23244
3/24/2020,23244
3/25/2020,23244
3/26/2020,23244
3/27/2020,23244
3/30/2020,23010.34
3/31/2020,23631
04/01/2020,23631
04/02/2020,23631
04/03/2020,23631
04/06/2020,23631
04/07/2020,23631
04/08/2020,23631
04/09/2020,23631
04/10/2020,23631
4/13/2020,23631
4/14/2020,23631
4/15/2020,23449
4/16/2020,23441
4/17/2020,23441
4/20/2020,22972.87
4/21/2020,23441
4/22/2020,23441
4/23/2020,23441
4/24/2020,23441
4/27/2020,23441
4/28/2020,23441
4/29/2020,23444
4/30/2020,23444
05/01/2020,23444
05/04/2020,23444
05/05/2020,23444
05/06/2020,23444
05/07/2020,23444
05/08/2020,23444
05/11/2020,23399
05/12/2020,23399
5/13/2020,23334
5/14/2020,23334
5/15/2020,23334
5/18/2020,23334
5/19/2020,23334
5/20/2020,23334
5/21/2020,23334
5/22/2020,23334
5/25/2020,23334
5/26/2020,23334
5/27/2020,23312
5/28/2020,23312
5/29/2020,23309
06/01/2020,23280
06/02/2020,23264
06/03/2020,23264
06/04/2020,23264
06/05/2020,23264
06/08/2020,23264
06/09/2020,23264
06/10/2020,23264
06/11/2020,23264
06/12/2020,23264
6/15/2020,23264
6/16/2020,23264
6/17/2020,23264
6/18/2020,23264
6/19/2020,23264
6/22/2020,23264
6/23/2020,23264
6/24/2020,23264
6/25/2020,23264
6/26/2020,23264
6/29/2020,23210
6/30/2020,23264
07/01/2020,23264
07/02/2020,23264
07/03/2020,23202
07/06/2020,23199
07/07/2020,23201
07/08/2020,23180
07/09/2020,23188
07/10/2020,23184
7/13/2020,22824.26
7/14/2020,23179
7/15/2020,23181
7/16/2020,23183
7/17/2020,23184
7/20/2020,23191
7/21/2020,23188
7/22/2020,23180
7/23/2020,23184
7/24/2020,23180
7/27/2020,23175
7/28/2020,23181
7/29/2020,23170
7/30/2020,23175
7/31/2020,23175
08/03/2020,23170
08/04/2020,23170
08/05/2020,23175
08/06/2020,23174
08/07/2020,23173
08/10/2020,22903.85
08/11/2020,23170
08/12/2020,23174
8/13/2020,23175
8/14/2020,23174
8/17/2020,23174
8/18/2020,23174
8/19/2020,23174
8/20/2020,23174
8/21/2020,23174
8/24/2020,23175
8/25/2020,23177
8/26/2020,23170
8/27/2020,23174
8/28/2020,23174
8/31/2020,23174
09/01/2020,23174
09/02/2020,23174
09/03/2020,23174
09/04/2020,23174
09/07/2020,23178
09/08/2020,23174
09/09/2020,23176
09/10/2020,23175
09/11/2020,23173
9/14/2020,23174
9/15/2020,23175
9/16/2020,23175
9/17/2020,23178
9/18/2020,23170
9/21/2020,23170
9/22/2020,23178
9/23/2020,23177
9/24/2020,23185
9/25/2020,23184
9/28/2020,23191
9/29/2020,23188
9/30/2020,23190
10/01/2020,23181
10/02/2020,23188
10/05/2020,23191
10/06/2020,23203
10/07/2020,23205
10/08/2020,23205
10/09/2020,23191
10/12/2020,23180
10/13/2020,23178
10/14/2020,23177
10/15/2020,23175
10/16/2020,23170
10/19/2020,23175
10/20/2020,23175
10/21/2020,23179
10/22/2020,23177
10/23/2020,23176
10/26/2020,23176
10/27/2020,23175
10/28/2020,23175
10/29/2020,23176
10/30/2020,23170
11/02/2020,23180
11/03/2020,23177
11/04/2020,23176
11/05/2020,23176
11/06/2020,23175
11/09/2020,23176
11/10/2020,23170
11/11/2020,23173
11/12/2020,23175
11/13/2020,23175
11/16/2020,23175
11/17/2020,23175
11/18/2020,23163
11/19/2020,23160
11/20/2020,23176
11/23/2020,23176
11/24/2020,23177
11/25/2020,23151
11/26/2020,23160
11/27/2020,23164
11/30/2020,23160
12/01/2020,23140
12/02/2020,23129
12/03/2020,23129
12/04/2020,23125
12/07/2020,23130
12/08/2020,23127
12/09/2020,23128
12/10/2020,23128
12/11/2020,23128
12/14/2020,23128
12/15/2020,23126
12/16/2020,23126
12/17/2020,23126
12/18/2020,23120
12/21/2020,23124
12/22/2020,23120
12/23/2020,23127
12/24/2020,23130
12/25/2020,23125
12/28/2020,23130
12/29/2020,23125
12/30/2020,23120
12/31/2020,23088
01/01/2021,23070
01/04/2021,23070
01/05/2021,23070
01/06/2021,23080
01/07/2021,23090
01/08/2021,23078
01/11/2021,22788.55
01/12/2021,23050
1/13/2021,23065
1/14/2021,23064
1/15/2021,23064
1/18/2021,22818.83
1/19/2021,23069
1/20/2021,23069
1/21/2021,23072
1/22/2021,23060
1/25/2021,23070
1/26/2021,23060
1/27/2021,23069
1/28/2021,23069
1/29/2021,23059
02/01/2021,22699.07
02/02/2021,23045
02/03/2021,23027
02/04/2021,23020
02/05/2021,23015
02/08/2021,23000
02/09/2021,22970
02/10/2021,23010
02/11/2021,23010
02/12/2021,23010
2/15/2021,23010
2/16/2021,23010
2/17/2021,23010
2/18/2021,23010
2/19/2021,23015
2/22/2021,22727.7
2/23/2021,23020
2/24/2021,23025
2/25/2021,23020
2/26/2021,23025
03/01/2021,23015
03/02/2021,23020
03/03/2021,23022
03/04/2021,23020
03/05/2021,23019
03/08/2021,23033
03/09/2021,22707.5
03/10/2021,22726.47
03/11/2021,23052
03/12/2021,23051
3/15/2021,22651.58
3/16/2021,23081
3/17/2021,23082
3/18/2021,23045
3/19/2021,23065
3/22/2021,22761.63
3/23/2021,23076
3/24/2021,23070
3/25/2021,23080
3/26/2021,23084
3/29/2021,23084
3/30/2021,23070
3/31/2021,23070
04/01/2021,23074
04/02/2021,23065
04/05/2021,23073
04/06/2021,23079
04/07/2021,23090
04/08/2021,23090
04/09/2021,23085
04/12/2021,22697.63
4/13/2021,23067
4/14/2021,23069
4/15/2021,23078
4/16/2021,23073
4/19/2021,22747.55
4/20/2021,23073
4/21/2021,23074
4/22/2021,23074
4/23/2021,23070
4/26/2021,22664.84
4/27/2021,23040
4/28/2021,23042
4/29/2021,23047
4/30/2021,23054
05/03/2021,22837.03
05/04/2021,23054
05/05/2021,23050
05/06/2021,23060
05/07/2021,23067
05/10/2021,22562.23
05/11/2021,23060
05/12/2021,23055
5/13/2021,23053
5/14/2021,23040
5/17/2021,23048
5/18/2021,23046
5/19/2021,23040
5/20/2021,23045
5/21/2021,23045
5/24/2021,23054
5/25/2021,23056
5/26/2021,23060
5/27/2021,23055
5/28/2021,23045
5/31/2021,23045
06/01/2021,23040
06/02/2021,23044
06/03/2021,23040
06/04/2021,23041
06/07/2021,23044
06/08/2021,23000
06/09/2021,22952
06/10/2021,22955
06/11/2021,22947
6/14/2021,22945
6/15/2021,22944
6/16/2021,22947
6/17/2021,22946
6/18/2021,22960
6/21/2021,22995
6/22/2021,23014
6/23/2021,23025
6/24/2021,23020
6/25/2021,23003
6/28/2021,22700.05
6/29/2021,23020
6/30/2021,23020
07/01/2021,23014
07/02/2021,23010
07/05/2021,22590.81
07/06/2021,22996
07/07/2021,23007
07/08/2021,23015
07/09/2021,23007
07/12/2021,22626.93
7/13/2021,23020
7/14/2021,23010
7/15/2021,23011
7/16/2021,23009
7/19/2021,22667.59
7/20/2021,23020
7/21/2021,23026
7/22/2021,23022
7/23/2021,23010
7/26/2021,22652.55
7/27/2021,23008
7/28/2021,23005
7/29/2021,22999
7/30/2021,22965
08/02/2021,22950
08/03/2021,22950
08/04/2021,22950
08/05/2021,22945
08/06/2021,22936
08/09/2021,22672.32
08/10/2021,22925
08/11/2021,22887
08/12/2021,22809
8/13/2021,22805
8/16/2021,22830
8/17/2021,22830
8/18/2021,22830
8/19/2021,22807
8/20/2021,22812
8/23/2021,22451.06
8/24/2021,22825
8/25/2021,22820
8/26/2021,22790
8/27/2021,22785
8/30/2021,22789
8/31/2021,22775
09/01/2021,22775
09/02/2021,22760
09/03/2021,22760
09/06/2021,22760
09/07/2021,22760
09/08/2021,22758
09/09/2021,22757
09/10/2021,22765
9/13/2021,22757
9/14/2021,22759
9/15/2021,22759
9/16/2021,22758
9/17/2021,22753
9/20/2021,22770
9/21/2021,22769
9/22/2021,22755
9/23/2021,22760
9/24/2021,22762
9/27/2021,22760
9/28/2021,22766
9/29/2021,22761
9/30/2021,22753
10/01/2021,22750
10/04/2021,22757
10/05/2021,22757
10/06/2021,22754
10/07/2021,22750
10/08/2021,22750
10/11/2021,22399.8
10/12/2021,22750
10/13/2021,22757
10/14/2021,22757
10/15/2021,22757
10/18/2021,22758
10/19/2021,22758
10/20/2021,22755
10/21/2021,22755
10/22/2021,22750
10/25/2021,22394.35
10/26/2021,22745
10/27/2021,22757
10/28/2021,22755
10/29/2021,22750
11/01/2021,22750
11/02/2021,22750
11/03/2021,22748
11/04/2021,22747
11/05/2021,22680
11/08/2021,22680
11/09/2021,22660
11/10/2021,22662
11/11/2021,22660
11/12/2021,22645
11/15/2021,22640
11/16/2021,22645
11/17/2021,22650
11/18/2021,22648
11/19/2021,22650
11/22/2021,22657
11/23/2021,22670
11/24/2021,22675
11/25/2021,22680
11/26/2021,22670
11/29/2021,22678
11/30/2021,22690
12/01/2021,22688
12/02/2021,22710
12/03/2021,22730
12/06/2021,22830
12/07/2021,23020
12/08/2021,23070
12/09/2021,22920
12/10/2021,22980
12/13/2021,23025
12/14/2021,22975
12/15/2021,23000
12/16/2021,23030
12/17/2021,22990
12/20/2021,22980
12/21/2021,22928
12/22/2021,22933
12/23/2021,22955
12/24/2021,22950
12/27/2021,22840
12/28/2021,22810
12/29/2021,22835
12/30/2021,22820
12/31/2021,22765
01/03/2022,22825
01/04/2022,22825
01/05/2022,22752
01/06/2022,22755
01/07/2022,22745
01/10/2022,22685
01/11/2022,22695
01/12/2022,22698
1/13/2022,22698
1/14/2022,22710
1/17/2022,22710
1/18/2022,22720
1/19/2022,22750
1/20/2022,22700
1/21/2022,22645
1/24/2022,22625
1/25/2022,22675
1/26/2022,22630
1/27/2022,22630
1/28/2022,22630
1/31/2022,22645
02/01/2022,22645
02/02/2022,22645
02/03/2022,22645
02/04/2022,22645
02/07/2022,22645
02/08/2022,22665
02/09/2022,22715
02/10/2022,22680
02/11/2022,22680
2/14/2022,22685
2/15/2022,22725
2/16/2022,22750
2/17/2022,22750
2/18/2022,22785
2/21/2022,22820
2/22/2022,22800
2/23/2022,22815
2/24/2022,22825
2/25/2022,22840
2/28/2022,22820
03/01/2022,22805
03/02/2022,22815
03/03/2022,22840
03/04/2022,22835
03/07/2022,22830
03/08/2022,22845
03/09/2022,22845
03/10/2022,22835
03/11/2022,22835
3/14/2022,22873
3/15/2022,22890
3/16/2022,22880
3/17/2022,22879
3/18/2022,22865
3/21/2022,22860
3/22/2022,22860
3/23/2022,22870
3/24/2022,22872
3/25/2022,22869
3/28/2022,22861
3/29/2022,22860
3/30/2022,22865
3/31/2022,22854
04/01/2022,22838
04/04/2022,22837
04/05/2022,22846
04/06/2022,22873
04/07/2022,22866
04/08/2022,22859
04/11/2022,22860
04/12/2022,22860
4/13/2022,22888
4/14/2022,22887
4/15/2022,22900
4/18/2022,22899
4/19/2022,22890
4/20/2022,22955
4/21/2022,22962
4/22/2022,22962
4/25/2022,22965
4/26/2022,22983
4/27/2022,22970
4/28/2022,22965
4/29/2022,22956
05/02/2022,22962
05/03/2022,22962
05/04/2022,22962
05/05/2022,22966
05/06/2022,22955
05/09/2022,22955
05/10/2022,22950
05/11/2022,22941
05/12/2022,23050
5/13/2022,23096
5/16/2022,23086
5/17/2022,23095
5/18/2022,23120
5/19/2022,23139
5/20/2022,23140
5/23/2022,23160
5/24/2022,23170
5/25/2022,23210
5/26/2022,23190
5/27/2022,23205
5/30/2022,23195
5/31/2022,23176
06/01/2022,23185
06/02/2022,23196
06/03/2022,23193
06/06/2022,23187
06/07/2022,23180
06/08/2022,23185
06/09/2022,23187
06/10/2022,23155
6/13/2022,23177
6/14/2022,23195
6/15/2022,23210
6/16/2022,23230
6/17/2022,23232
6/20/2022,23220
6/21/2022,23230
6/22/2022,23226
6/23/2022,23235
6/24/2022,23244
6/27/2022,23247
6/28/2022,23245
6/29/2022,23255
6/30/2022,23265
07/01/2022,23255
07/04/2022,23300
07/05/2022,23335
07/06/2022,23360
07/07/2022,23373
07/08/2022,23350
07/11/2022,23355
07/12/2022,23347
7/13/2022,23389
7/14/2022,23388
7/15/2022,23415
7/18/2022,23450
7/19/2022,23440
7/20/2022,23412
7/21/2022,23410
7/22/2022,23410
7/25/2022,23400
7/26/2022,23385
7/27/2022,23370
7/28/2022,23375
7/29/2022,23358
08/01/2022,23335
08/02/2022,23355
08/03/2022,23353
08/04/2022,23394
08/05/2022,23393
08/08/2022,23385
08/09/2022,23388
08/10/2022,23385
08/11/2022,23385
08/12/2022,23390
8/15/2022,23392
8/16/2022,23400
8/17/2022,23403
8/18/2022,23401
8/19/2022,23401
8/22/2022,23400
8/23/2022,23410
8/24/2022,23430
8/25/2022,23425
8/26/2022,23423
8/29/2022,23412
8/30/2022,23430
8/31/2022,23415
09/01/2022,23450
09/02/2022,23450
09/05/2022,23450
09/06/2022,23505
09/07/2022,23520
09/08/2022,23580
09/09/2022,23542
09/12/2022,23515
9/13/2022,23520
9/14/2022,23553
9/15/2022,23590
9/16/2022,23620
9/19/2022,23650
9/20/2022,23670
9/21/2022,23670
9/22/2022,23690
9/23/2022,23700
9/26/2022,23700
9/27/2022,23715
9/28/2022,23730
9/29/2022,23730
9/30/2022,23820
10/03/2022,23855
10/04/2022,23880
10/05/2022,23875
10/06/2022,23865
10/07/2022,23870
10/10/2022,23875
10/11/2022,23870
10/12/2022,23925
10/13/2022,23945
10/14/2022,24120
10/17/2022,24110
10/18/2022,24310
10/19/2022,24430
10/20/2022,24450
10/21/2022,24530
10/24/2022,24820
10/25/2022,24830
10/26/2022,24840
10/27/2022,24830
10/28/2022,24830
10/31/2022,24820
11/01/2022,24840
11/02/2022,24850
11/03/2022,24835
11/04/2022,24860
11/07/2022,24870
11/08/2022,24870
11/09/2022,24871
11/10/2022,24862
11/11/2022,24865
11/14/2022,24805
11/15/2022,24735
11/16/2022,24765
11/17/2022,24775
11/18/2022,24805
11/21/2022,24800
11/22/2022,24835
11/23/2022,24850
11/24/2022,24844
11/25/2022,24833
11/28/2022,24760
11/29/2022,24770
11/30/2022,24750
12/01/2022,24630
12/02/2022,24500
12/05/2022,24350
12/06/2022,23980
12/07/2022,23980
12/08/2022,23900
12/09/2022,23780
12/12/2022,23550
12/13/2022,23680
12/14/2022,23600
12/15/2022,23520
12/16/2022,23500
12/19/2022,23580
12/20/2022,23700
12/21/2022,23730
12/22/2022,23700
12/23/2022,23630
12/26/2022,23560
12/27/2022,23590
12/28/2022,23580
12/29/2022,23620
12/30/2022,23600